order_id,user_input,product_name,category,quantity,supplier_name,price,contract_type,timestamp,unit,order_type,delivery_status,estimated_delivery,product_id,delivery_date
ORD-6702A0AC,potrzebuje laptopa,,IT,1,SafeGear GmbH,1626.08,terminowy,2025-11-11 18:47:03,szt.,,,,,
ORD-8059146C,potrzebuje laptopa,HP Laptops 171,IT,1,SafeGear S.r.l.,2909.6,terminowy,2025-11-11 19:33:58,szt.,,,,,
ORD-F49A087C,potrzebuje laptopa dell,HP Laptops Model 298,IT,1,EuroSupply SARL,5090.74,terminowy,2025-11-11 19:35:09,szt.,,,,,
PROD-7BFCFDE0,Automatyczne zamówienie produkcyjne - Uvex Safety glasses 779,Uvex Safety glasses 779,BHP,197,OfficeLine Sp. z o.o.,158.93,terminowy,2025-11-11 19:56:54,szt.,Produkcyjne,,,,
PROD-BDF29592,Automatyczne zamówienie produkcyjne - Uvex Safety glasses 779,Uvex Safety glasses 779,BHP,197,OfficeLine Sp. z o.o.,158.93,terminowy,2025-11-11 19:56:54,szt.,Produkcyjne,,,,
PROD-F87D9F04,Automatyczne zamówienie produkcyjne - Uvex Safety glasses 779,Uvex Safety glasses 779,BHP,197,OfficeLine Sp. z o.o.,158.93,terminowy,2025-11-11 19:56:54,szt.,Produkcyjne,,,,
PROD-3EF562E2,Automatyczne zamówienie produkcyjne - Uvex Safety glasses 779,Uvex Safety glasses 779,BHP,197,OfficeLine Sp. z o.o.,158.93,terminowy,2025-11-11 19:56:54,szt.,Produkcyjne,,,,
PROD-CD2256B5,Automatyczne zamówienie produkcyjne - Uvex Safety glasses 779,Uvex Safety glasses 779,BHP,197,OfficeLine Sp. z o.o.,158.93,terminowy,2025-11-11 19:56:54,szt.,Produkcyjne,,,,
PROD-2A67A0D4,Automatyczne zamówienie produkcyjne - Uvex Safety glasses 779,Uvex Safety glasses 779,BHP,197,OfficeLine Sp. z o.o.,158.93,terminowy,2025-11-11 19:56:54,szt.,Produkcyjne,,,,
PROD-862AE27F,Automatyczne zamówienie produkcyjne - Uvex Safety glasses 779,Uvex Safety glasses 779,BHP,197,OfficeLine Sp. z o.o.,158.93,terminowy,2025-11-11 19:56:54,szt.,Produkcyjne,,,,
PROD-BE78A74C,Automatyczne zamówienie produkcyjne - Uvex Safety glasses 779,Uvex Safety glasses 779,BHP,197,OfficeLine Sp. z o.o.,158.93,terminowy,2025-11-11 19:56:54,szt.,Produkcyjne,,,,
PROD-380AC89F,Automatyczne zamówienie produkcyjne - Uvex Safety glasses 779,Uvex Safety glasses 779,BHP,197,OfficeLine Sp. z o.o.,158.93,terminowy,2025-11-11 19:56:55,szt.,Produkcyjne,,,,
PROD-65A33127,Automatyczne zamówienie produkcyjne - Uvex Safety glasses 779,Uvex Safety glasses 779,BHP,197,OfficeLine Sp. z o.o.,158.93,terminowy,2025-11-11 19:56:55,szt.,Produkcyjne,,,,
PROD-B071335B,Automatyczne zamówienie produkcyjne - Uvex Safety glasses 779,Uvex Safety glasses 779,BHP,197,OfficeLine Sp. z o.o.,158.93,terminowy,2025-11-11 19:56:55,szt.,Produkcyjne,,,,
PROD-6630C08C,Automatyczne zamówienie produkcyjne - Uvex Safety glasses 779,Uvex Safety glasses 779,BHP,197,OfficeLine Sp. z o.o.,158.93,terminowy,2025-11-11 19:56:55,szt.,Produkcyjne,,,,
PROD-B97DDF5A,Automatyczne zamówienie produkcyjne - Uvex Safety glasses 779,Uvex Safety glasses 779,BHP,197,OfficeLine Sp. z o.o.,158.93,terminowy,2025-11-11 19:56:55,szt.,Produkcyjne,,,,
PROD-945AEE7D,Automatyczne zamówienie produkcyjne - Uvex Safety glasses 779,Uvex Safety glasses 779,BHP,197,OfficeLine Sp. z o.o.,158.93,terminowy,2025-11-11 19:56:55,szt.,Produkcyjne,,,,
PROD-65628771,Automatyczne zamówienie produkcyjne - Uvex Safety glasses 779,Uvex Safety glasses 779,BHP,197,OfficeLine Sp. z o.o.,158.93,terminowy,2025-11-11 19:56:55,szt.,Produkcyjne,,,,
PROD-C6188F02,Automatyczne zamówienie produkcyjne - Uvex Safety glasses 779,Uvex Safety glasses 779,BHP,197,OfficeLine Sp. z o.o.,158.93,terminowy,2025-11-11 19:56:55,szt.,Produkcyjne,,,,
PROD-79DE9BFF,Automatyczne zamówienie produkcyjne - Uvex Safety glasses 779,Uvex Safety glasses 779,BHP,197,OfficeLine Sp. z o.o.,158.93,terminowy,2025-11-11 19:56:55,szt.,Produkcyjne,,,,
PROD-30C8CBE1,Automatyczne zamówienie produkcyjne - Uvex Safety glasses 779,Uvex Safety glasses 779,BHP,197,OfficeLine Sp. z o.o.,158.93,terminowy,2025-11-11 19:56:56,szt.,Produkcyjne,,,,
PROD-DF4A5CAC,Automatyczne zamówienie produkcyjne - Uvex Safety glasses 779,Uvex Safety glasses 779,BHP,197,OfficeLine Sp. z o.o.,158.93,terminowy,2025-11-11 19:56:56,szt.,Produkcyjne,,,,
PROD-8EE12F71,Automatyczne zamówienie produkcyjne - Uvex Safety glasses 779,Uvex Safety glasses 779,BHP,197,OfficeLine Sp. z o.o.,158.93,terminowy,2025-11-11 19:56:56,szt.,Produkcyjne,,,,
PROD-91E9A26D,Automatyczne zamówienie produkcyjne - Uvex Safety glasses 779,Uvex Safety glasses 779,BHP,197,OfficeLine Sp. z o.o.,158.93,terminowy,2025-11-11 19:56:56,szt.,Produkcyjne,,,,
PROD-8F865A5F,Automatyczne zamówienie produkcyjne - Uvex Safety glasses 779,Uvex Safety glasses 779,BHP,197,OfficeLine Sp. z o.o.,158.93,terminowy,2025-11-11 19:56:56,szt.,Produkcyjne,,,,
PROD-68EAC2B1,Automatyczne zamówienie produkcyjne - Uvex Safety glasses 779,Uvex Safety glasses 779,BHP,197,OfficeLine Sp. z o.o.,158.93,terminowy,2025-11-11 19:56:56,szt.,Produkcyjne,,,,
PROD-FA1192AE,Automatyczne zamówienie produkcyjne - Uvex Safety glasses 779,Uvex Safety glasses 779,BHP,197,OfficeLine Sp. z o.o.,158.93,terminowy,2025-11-11 19:56:56,szt.,Produkcyjne,,,,
PROD-C564507B,Automatyczne zamówienie produkcyjne - Uvex Safety glasses 779,Uvex Safety glasses 779,BHP,197,OfficeLine Sp. z o.o.,158.93,terminowy,2025-11-11 19:56:56,szt.,Produkcyjne,,,,
PROD-961415B7,Automatyczne zamówienie produkcyjne - Uvex Safety glasses 779,Uvex Safety glasses 779,BHP,197,OfficeLine Sp. z o.o.,158.93,terminowy,2025-11-11 19:56:56,szt.,Produkcyjne,,,,
PROD-B165ED8F,Automatyczne zamówienie produkcyjne - Uvex Safety glasses 779,Uvex Safety glasses 779,BHP,197,OfficeLine Sp. z o.o.,158.93,terminowy,2025-11-11 19:56:56,szt.,Produkcyjne,,,,
PROD-56C7E7CF,Automatyczne zamówienie produkcyjne - Uvex Safety glasses 779,Uvex Safety glasses 779,BHP,197,OfficeLine Sp. z o.o.,158.93,terminowy,2025-11-11 19:56:57,szt.,Produkcyjne,,,,
PROD-B81272D8,Automatyczne zamówienie produkcyjne - Uvex Safety glasses 779,Uvex Safety glasses 779,BHP,197,OfficeLine Sp. z o.o.,158.93,terminowy,2025-11-11 19:56:57,szt.,Produkcyjne,,,,
PROD-FAA86C69,Automatyczne zamówienie produkcyjne - Uvex Safety glasses 779,Uvex Safety glasses 779,BHP,197,OfficeLine Sp. z o.o.,158.93,terminowy,2025-11-11 19:56:57,szt.,Produkcyjne,,,,
PROD-1004BC5E,Automatyczne zamówienie produkcyjne - Uvex Safety glasses 779,Uvex Safety glasses 779,BHP,197,OfficeLine Sp. z o.o.,158.93,terminowy,2025-11-11 19:56:57,szt.,Produkcyjne,,,,
PROD-3F23F926,Automatyczne zamówienie produkcyjne - Uvex Safety glasses 779,Uvex Safety glasses 779,BHP,197,OfficeLine Sp. z o.o.,158.93,terminowy,2025-11-11 19:56:57,szt.,Produkcyjne,,,,
PROD-4CD7CFF1,Automatyczne zamówienie produkcyjne - Uvex Safety glasses 779,Uvex Safety glasses 779,BHP,197,OfficeLine Sp. z o.o.,158.93,terminowy,2025-11-11 19:56:57,szt.,Produkcyjne,,,,
PROD-B0F2F85C,Automatyczne zamówienie produkcyjne - Uvex Safety glasses 779,Uvex Safety glasses 779,BHP,197,OfficeLine Sp. z o.o.,158.93,terminowy,2025-11-11 19:56:57,szt.,Produkcyjne,,,,
PROD-BAB58A46,Automatyczne zamówienie produkcyjne - Uvex Safety glasses 779,Uvex Safety glasses 779,BHP,197,OfficeLine Sp. z o.o.,158.93,terminowy,2025-11-11 19:56:57,szt.,Produkcyjne,,,,
PROD-47BCE5F2,Automatyczne zamówienie produkcyjne - Uvex Safety glasses 779,Uvex Safety glasses 779,BHP,197,OfficeLine Sp. z o.o.,158.93,terminowy,2025-11-11 19:56:57,szt.,Produkcyjne,,,,
PROD-44A3D676,Automatyczne zamówienie produkcyjne - Uvex Safety glasses 779,Uvex Safety glasses 779,BHP,197,OfficeLine Sp. z o.o.,158.93,terminowy,2025-11-11 19:56:58,szt.,Produkcyjne,,,,
PROD-C443B548,Automatyczne zamówienie produkcyjne - Uvex Safety glasses 779,Uvex Safety glasses 779,BHP,197,OfficeLine Sp. z o.o.,158.93,terminowy,2025-11-11 19:56:58,szt.,Produkcyjne,,,,
PROD-F9FFFAA5,Automatyczne zamówienie produkcyjne - Uvex Safety glasses 779,Uvex Safety glasses 779,BHP,197,OfficeLine Sp. z o.o.,158.93,terminowy,2025-11-11 19:56:58,szt.,Produkcyjne,,,,
PROD-3297CC0E,Automatyczne zamówienie produkcyjne - Uvex Safety glasses 779,Uvex Safety glasses 779,BHP,197,OfficeLine Sp. z o.o.,158.93,terminowy,2025-11-11 19:56:58,szt.,Produkcyjne,,,,
PROD-452A50D9,Automatyczne zamówienie produkcyjne - Uvex Safety glasses 779,Uvex Safety glasses 779,BHP,197,OfficeLine Sp. z o.o.,158.93,terminowy,2025-11-11 19:56:58,szt.,Produkcyjne,,,,
PROD-3E217162,Automatyczne zamówienie produkcyjne - Uvex Safety glasses 779,Uvex Safety glasses 779,BHP,197,OfficeLine Sp. z o.o.,158.93,terminowy,2025-11-11 19:56:58,szt.,Produkcyjne,,,,
PROD-9FDC3F9B,Automatyczne zamówienie produkcyjne - Uvex Safety glasses 779,Uvex Safety glasses 779,BHP,197,OfficeLine Sp. z o.o.,158.93,terminowy,2025-11-11 19:56:58,szt.,Produkcyjne,,,,
PROD-1FB20CB1,Automatyczne zamówienie produkcyjne - Uvex Safety glasses 779,Uvex Safety glasses 779,BHP,197,OfficeLine Sp. z o.o.,158.93,terminowy,2025-11-11 19:56:58,szt.,Produkcyjne,,,,
PROD-24E218E1,Automatyczne zamówienie produkcyjne - Uvex Safety glasses 779,Uvex Safety glasses 779,BHP,197,OfficeLine Sp. z o.o.,158.93,terminowy,2025-11-11 19:56:58,szt.,Produkcyjne,,,,
PROD-F7D80C66,Automatyczne zamówienie produkcyjne - Uvex Safety glasses 779,Uvex Safety glasses 779,BHP,197,OfficeLine Sp. z o.o.,158.93,terminowy,2025-11-11 19:56:59,szt.,Produkcyjne,,,,
PROD-DDBA085C,Automatyczne zamówienie produkcyjne - Uvex Safety glasses 779,Uvex Safety glasses 779,BHP,197,OfficeLine Sp. z o.o.,158.93,terminowy,2025-11-11 19:56:59,szt.,Produkcyjne,,,,
PROD-0124CA46,Automatyczne zamówienie produkcyjne - Uvex Safety glasses 779,Uvex Safety glasses 779,BHP,197,OfficeLine Sp. z o.o.,158.93,terminowy,2025-11-11 19:56:59,szt.,Produkcyjne,,,,
PROD-89F48B35,Automatyczne zamówienie produkcyjne - Uvex Safety glasses 779,Uvex Safety glasses 779,BHP,197,OfficeLine Sp. z o.o.,158.93,terminowy,2025-11-11 19:56:59,szt.,Produkcyjne,,,,
PROD-853EF720,Automatyczne zamówienie produkcyjne - Uvex Safety glasses 779,Uvex Safety glasses 779,BHP,197,OfficeLine Sp. z o.o.,158.93,terminowy,2025-11-11 19:56:59,szt.,Produkcyjne,,,,
PROD-3826A5DA,Automatyczne zamówienie produkcyjne - Uvex Safety glasses 779,Uvex Safety glasses 779,BHP,197,OfficeLine Sp. z o.o.,158.93,terminowy,2025-11-11 19:56:59,szt.,Produkcyjne,,,,
PROD-E231A754,Automatyczne zamówienie produkcyjne - Uvex Safety glasses 779,Uvex Safety glasses 779,BHP,197,OfficeLine Sp. z o.o.,158.93,terminowy,2025-11-11 19:56:59,szt.,Produkcyjne,,,,
PROD-D0DBE24E,Automatyczne zamówienie produkcyjne - Uvex Safety glasses 779,Uvex Safety glasses 779,BHP,197,OfficeLine Sp. z o.o.,158.93,terminowy,2025-11-11 19:56:59,szt.,Produkcyjne,,,,
PROD-55DA374B,Automatyczne zamówienie produkcyjne - Uvex Safety glasses 779,Uvex Safety glasses 779,BHP,197,OfficeLine Sp. z o.o.,158.93,terminowy,2025-11-11 19:56:59,szt.,Produkcyjne,,,,
PROD-B64E5259,Automatyczne zamówienie produkcyjne - Uvex Safety glasses 779,Uvex Safety glasses 779,BHP,197,OfficeLine Sp. z o.o.,158.93,terminowy,2025-11-11 19:56:59,szt.,Produkcyjne,,,,
PROD-B7AD8729,Automatyczne zamówienie produkcyjne - Uvex Safety glasses 779,Uvex Safety glasses 779,BHP,197,OfficeLine Sp. z o.o.,158.93,terminowy,2025-11-11 19:57:00,szt.,Produkcyjne,,,,
PROD-A96AD98B,Automatyczne zamówienie produkcyjne - Uvex Safety glasses 779,Uvex Safety glasses 779,BHP,197,OfficeLine Sp. z o.o.,158.93,terminowy,2025-11-11 19:57:00,szt.,Produkcyjne,,,,
PROD-F5191297,Automatyczne zamówienie produkcyjne - Uvex Safety glasses 779,Uvex Safety glasses 779,BHP,197,OfficeLine Sp. z o.o.,158.93,terminowy,2025-11-11 19:57:00,szt.,Produkcyjne,,,,
PROD-FA5C3646,Automatyczne zamówienie produkcyjne - Uvex Safety glasses 779,Uvex Safety glasses 779,BHP,197,OfficeLine Sp. z o.o.,158.93,terminowy,2025-11-11 19:57:00,szt.,Produkcyjne,,,,
PROD-16788DCC,Automatyczne zamówienie produkcyjne - Uvex Safety glasses 779,Uvex Safety glasses 779,BHP,197,OfficeLine Sp. z o.o.,158.93,terminowy,2025-11-11 19:57:00,szt.,Produkcyjne,,,,
PROD-7B3588F8,Automatyczne zamówienie produkcyjne - Uvex Safety glasses 779,Uvex Safety glasses 779,BHP,197,OfficeLine Sp. z o.o.,158.93,terminowy,2025-11-11 19:57:00,szt.,Produkcyjne,,,,
PROD-B8FAED64,Automatyczne zamówienie produkcyjne - Uvex Safety glasses 779,Uvex Safety glasses 779,BHP,197,OfficeLine Sp. z o.o.,158.93,terminowy,2025-11-11 19:57:00,szt.,Produkcyjne,,,,
PROD-3E9AF010,Automatyczne zamówienie produkcyjne - Uvex Safety glasses 779,Uvex Safety glasses 779,BHP,197,OfficeLine Sp. z o.o.,158.93,terminowy,2025-11-11 19:57:00,szt.,Produkcyjne,,,,
PROD-F3F8918B,Automatyczne zamówienie produkcyjne - Uvex Safety glasses 779,Uvex Safety glasses 779,BHP,197,OfficeLine Sp. z o.o.,158.93,terminowy,2025-11-11 19:57:01,szt.,Produkcyjne,,,,
PROD-538354EE,Automatyczne zamówienie produkcyjne - Uvex Safety glasses 779,Uvex Safety glasses 779,BHP,197,OfficeLine Sp. z o.o.,158.93,terminowy,2025-11-11 19:57:01,szt.,Produkcyjne,,,,
PROD-401C8618,Automatyczne zamówienie produkcyjne - Uvex Safety glasses 779,Uvex Safety glasses 779,BHP,197,OfficeLine Sp. z o.o.,158.93,terminowy,2025-11-11 19:57:01,szt.,Produkcyjne,,,,
PROD-5C70EC0A,Automatyczne zamówienie produkcyjne - Uvex Safety glasses 779,Uvex Safety glasses 779,BHP,197,OfficeLine Sp. z o.o.,158.93,terminowy,2025-11-11 19:57:01,szt.,Produkcyjne,,,,
PROD-B413D0DC,Automatyczne zamówienie produkcyjne - Uvex Safety glasses 779,Uvex Safety glasses 779,BHP,197,OfficeLine Sp. z o.o.,158.93,terminowy,2025-11-11 19:57:01,szt.,Produkcyjne,,,,
PROD-3AC2888C,Automatyczne zamówienie produkcyjne - Uvex Safety glasses 779,Uvex Safety glasses 779,BHP,197,OfficeLine Sp. z o.o.,158.93,terminowy,2025-11-11 19:57:01,szt.,Produkcyjne,,,,
PROD-717FB378,Automatyczne zamówienie produkcyjne - Uvex Safety glasses 779,Uvex Safety glasses 779,BHP,197,OfficeLine Sp. z o.o.,158.93,terminowy,2025-11-11 19:57:01,szt.,Produkcyjne,,,,
PROD-5BC5894C,Automatyczne zamówienie produkcyjne - Uvex Safety glasses 779,Uvex Safety glasses 779,BHP,197,OfficeLine Sp. z o.o.,158.93,terminowy,2025-11-11 19:57:01,szt.,Produkcyjne,,,,
PROD-018B4D54,Automatyczne zamówienie produkcyjne - Uvex Safety glasses 779,Uvex Safety glasses 779,BHP,197,OfficeLine Sp. z o.o.,158.93,terminowy,2025-11-11 19:57:01,szt.,Produkcyjne,,,,
PROD-C97C2A30,Automatyczne zamówienie produkcyjne - Uvex Safety glasses 779,Uvex Safety glasses 779,BHP,197,OfficeLine Sp. z o.o.,158.93,terminowy,2025-11-11 19:57:02,szt.,Produkcyjne,,,,
PROD-0EEF3B0A,Automatyczne zamówienie produkcyjne - Uvex Safety glasses 779,Uvex Safety glasses 779,BHP,197,OfficeLine Sp. z o.o.,158.93,terminowy,2025-11-11 19:57:02,szt.,Produkcyjne,,,,
PROD-414BE137,Automatyczne zamówienie produkcyjne - Uvex Safety glasses 779,Uvex Safety glasses 779,BHP,197,OfficeLine Sp. z o.o.,158.93,terminowy,2025-11-11 19:57:02,szt.,Produkcyjne,,,,
PROD-1B9F950A,Automatyczne zamówienie produkcyjne - Uvex Safety glasses 779,Uvex Safety glasses 779,BHP,197,OfficeLine Sp. z o.o.,158.93,terminowy,2025-11-11 19:57:02,szt.,Produkcyjne,,,,
PROD-03679005,Automatyczne zamówienie produkcyjne - Uvex Safety glasses 779,Uvex Safety glasses 779,BHP,197,OfficeLine Sp. z o.o.,158.93,terminowy,2025-11-11 19:57:02,szt.,Produkcyjne,,,,
PROD-3668A8B0,Automatyczne zamówienie produkcyjne - Uvex Safety glasses 779,Uvex Safety glasses 779,BHP,197,OfficeLine Sp. z o.o.,158.93,terminowy,2025-11-11 19:57:02,szt.,Produkcyjne,,,,
PROD-2FD32F1C,Automatyczne zamówienie produkcyjne - Uvex Safety glasses 779,Uvex Safety glasses 779,BHP,197,OfficeLine Sp. z o.o.,158.93,terminowy,2025-11-11 19:57:02,szt.,Produkcyjne,,,,
PROD-92032658,Automatyczne zamówienie produkcyjne - Uvex Safety glasses 779,Uvex Safety glasses 779,BHP,197,OfficeLine Sp. z o.o.,158.93,terminowy,2025-11-11 19:57:02,szt.,Produkcyjne,,,,
PROD-3A634A16,Automatyczne zamówienie produkcyjne - Uvex Safety glasses 779,Uvex Safety glasses 779,BHP,197,OfficeLine Sp. z o.o.,158.93,terminowy,2025-11-11 19:57:02,szt.,Produkcyjne,,,,
PROD-DD8212A0,Automatyczne zamówienie produkcyjne - Uvex Safety glasses 779,Uvex Safety glasses 779,BHP,197,OfficeLine Sp. z o.o.,158.93,terminowy,2025-11-11 19:57:03,szt.,Produkcyjne,,,,
PROD-DA1F1342,Automatyczne zamówienie produkcyjne - Uvex Safety glasses 779,Uvex Safety glasses 779,BHP,197,OfficeLine Sp. z o.o.,158.93,terminowy,2025-11-11 19:57:03,szt.,Produkcyjne,,,,
PROD-178B61DE,Automatyczne zamówienie produkcyjne - Uvex Safety glasses 779,Uvex Safety glasses 779,BHP,197,OfficeLine Sp. z o.o.,158.93,terminowy,2025-11-11 19:57:03,szt.,Produkcyjne,,,,
PROD-F586CBA1,Automatyczne zamówienie produkcyjne - Uvex Safety glasses 779,Uvex Safety glasses 779,BHP,197,OfficeLine Sp. z o.o.,158.93,terminowy,2025-11-11 19:57:03,szt.,Produkcyjne,,,,
PROD-4BF86ADF,Automatyczne zamówienie produkcyjne - Uvex Safety glasses 779,Uvex Safety glasses 779,BHP,197,OfficeLine Sp. z o.o.,158.93,terminowy,2025-11-11 19:57:03,szt.,Produkcyjne,,,,
PROD-4146377F,Automatyczne zamówienie produkcyjne - Uvex Safety glasses 779,Uvex Safety glasses 779,BHP,197,OfficeLine Sp. z o.o.,158.93,terminowy,2025-11-11 19:57:03,szt.,Produkcyjne,,,,
PROD-53092055,Automatyczne zamówienie produkcyjne - Uvex Safety glasses 779,Uvex Safety glasses 779,BHP,197,OfficeLine Sp. z o.o.,158.93,terminowy,2025-11-11 19:57:03,szt.,Produkcyjne,,,,
PROD-07004363,Automatyczne zamówienie produkcyjne - Uvex Safety glasses 779,Uvex Safety glasses 779,BHP,197,OfficeLine Sp. z o.o.,158.93,terminowy,2025-11-11 19:57:03,szt.,Produkcyjne,,,,
PROD-BD50A869,Automatyczne zamówienie produkcyjne - Uvex Safety glasses 779,Uvex Safety glasses 779,BHP,197,OfficeLine Sp. z o.o.,158.93,terminowy,2025-11-11 19:57:04,szt.,Produkcyjne,,,,
PROD-CC4AD280,Automatyczne zamówienie produkcyjne - Uvex Safety glasses 779,Uvex Safety glasses 779,BHP,197,OfficeLine Sp. z o.o.,158.93,terminowy,2025-11-11 19:57:04,szt.,Produkcyjne,,,,
PROD-92487B4D,Automatyczne zamówienie produkcyjne - Uvex Safety glasses 779,Uvex Safety glasses 779,BHP,197,OfficeLine Sp. z o.o.,158.93,terminowy,2025-11-11 19:57:04,szt.,Produkcyjne,,,,
PROD-B72AD201,Automatyczne zamówienie produkcyjne - Uvex Safety glasses 779,Uvex Safety glasses 779,BHP,197,OfficeLine Sp. z o.o.,158.93,terminowy,2025-11-11 19:57:04,szt.,Produkcyjne,,,,
PROD-4F06C646,Automatyczne zamówienie produkcyjne - Uvex Safety glasses 779,Uvex Safety glasses 779,BHP,197,OfficeLine Sp. z o.o.,158.93,terminowy,2025-11-11 19:57:04,szt.,Produkcyjne,,,,
PROD-C03252BB,Automatyczne zamówienie produkcyjne - Uvex Safety glasses 779,Uvex Safety glasses 779,BHP,197,OfficeLine Sp. z o.o.,158.93,terminowy,2025-11-11 19:57:04,szt.,Produkcyjne,,,,
PROD-2D55E367,Automatyczne zamówienie produkcyjne - Uvex Safety glasses 779,Uvex Safety glasses 779,BHP,197,OfficeLine Sp. z o.o.,158.93,terminowy,2025-11-11 19:57:04,szt.,Produkcyjne,,,,
PROD-5CAFDC4E,Automatyczne zamówienie produkcyjne - Uvex Safety glasses 779,Uvex Safety glasses 779,BHP,197,OfficeLine Sp. z o.o.,158.93,terminowy,2025-11-11 19:57:04,szt.,Produkcyjne,,,,
PROD-CC84E0DB,Automatyczne zamówienie produkcyjne - Uvex Safety glasses 779,Uvex Safety glasses 779,BHP,197,OfficeLine Sp. z o.o.,158.93,terminowy,2025-11-11 19:57:05,szt.,Produkcyjne,,,,
PROD-2797D23C,Automatyczne zamówienie produkcyjne - Uvex Safety glasses 779,Uvex Safety glasses 779,BHP,197,OfficeLine Sp. z o.o.,158.93,terminowy,2025-11-11 19:57:05,szt.,Produkcyjne,,,,
PROD-89B621C8,Automatyczne zamówienie produkcyjne - Uvex Safety glasses 779,Uvex Safety glasses 779,BHP,197,OfficeLine Sp. z o.o.,158.93,terminowy,2025-11-11 19:57:05,szt.,Produkcyjne,,,,
PROD-9D39D884,Automatyczne zamówienie produkcyjne - Uvex Safety glasses 779,Uvex Safety glasses 779,BHP,197,OfficeLine Sp. z o.o.,158.93,terminowy,2025-11-11 19:57:05,szt.,Produkcyjne,,,,
PROD-52AA84E9,Automatyczne zamówienie produkcyjne - Uvex Safety glasses 779,Uvex Safety glasses 779,BHP,197,OfficeLine Sp. z o.o.,158.93,terminowy,2025-11-11 19:57:05,szt.,Produkcyjne,,,,
PROD-0755309C,Automatyczne zamówienie produkcyjne - Uvex Safety glasses 779,Uvex Safety glasses 779,BHP,197,OfficeLine Sp. z o.o.,158.93,terminowy,2025-11-11 19:57:05,szt.,Produkcyjne,,,,
PROD-CD4058BF,Automatyczne zamówienie produkcyjne - Uvex Safety glasses 779,Uvex Safety glasses 779,BHP,197,OfficeLine Sp. z o.o.,158.93,terminowy,2025-11-11 19:57:05,szt.,Produkcyjne,,,,
PROD-A97A9173,Automatyczne zamówienie produkcyjne - Uvex Safety glasses 779,Uvex Safety glasses 779,BHP,197,OfficeLine Sp. z o.o.,158.93,terminowy,2025-11-11 19:57:05,szt.,Produkcyjne,,,,
PROD-A6F6D13E,Automatyczne zamówienie produkcyjne - Microsoft Software 999,Microsoft Software 999,IT,68,AutoServ Sp. z o.o.,3481.28,terminowy,2025-11-11 21:08:02,licencja,Produkcyjne,delivered,2025-11-12,P-0017,2025-11-20
PROD-714E8644,Automatyczne zamówienie produkcyjne - Microsoft Software 999,Microsoft Software 999,IT,68,AutoServ Sp. z o.o.,3481.28,terminowy,2025-11-11 21:08:02,licencja,Produkcyjne,delivered,2025-11-12,P-0017,2025-11-20
PROD-BA967C91,Automatyczne zamówienie produkcyjne - Microsoft Software 999,Microsoft Software 999,IT,68,AutoServ Sp. z o.o.,3481.28,terminowy,2025-11-11 21:08:02,licencja,Produkcyjne,delivered,2025-11-12,P-0017,2025-11-20
PROD-7CFF9837,Automatyczne zamówienie produkcyjne - Microsoft Software 999,Microsoft Software 999,IT,68,AutoServ Sp. z o.o.,3481.28,terminowy,2025-11-11 21:08:02,licencja,Produkcyjne,delivered,2025-11-12,P-0017,2025-11-20
PROD-11FDC65C,Automatyczne zamówienie produkcyjne - Microsoft Software 999,Microsoft Software 999,IT,68,AutoServ Sp. z o.o.,3481.28,terminowy,2025-11-11 21:08:03,licencja,Produkcyjne,delivered,2025-11-12,P-0017,2025-11-20
PROD-BC855026,Automatyczne zamówienie produkcyjne - Microsoft Software 999,Microsoft Software 999,IT,68,AutoServ Sp. z o.o.,3481.28,terminowy,2025-11-11 21:08:03,licencja,Produkcyjne,delivered,2025-11-12,P-0017,2025-11-20
PROD-AF1500FA,Automatyczne zamówienie produkcyjne - Microsoft Software 999,Microsoft Software 999,IT,68,AutoServ Sp. z o.o.,3481.28,terminowy,2025-11-11 21:08:03,licencja,Produkcyjne,delivered,2025-11-12,P-0017,2025-11-20
PROD-D1ABC590,Automatyczne zamówienie produkcyjne - Microsoft Software 999,Microsoft Software 999,IT,68,AutoServ Sp. z o.o.,3481.28,terminowy,2025-11-11 21:08:03,licencja,Produkcyjne,delivered,2025-11-12,P-0017,2025-11-20
PROD-77A3D8C7,Automatyczne zamówienie produkcyjne - Microsoft Software 999,Microsoft Software 999,IT,68,AutoServ Sp. z o.o.,3481.28,terminowy,2025-11-11 21:08:03,licencja,Produkcyjne,delivered,2025-11-12,P-0017,2025-11-20
PROD-99029DAF,Automatyczne zamówienie produkcyjne - Microsoft Software 999,Microsoft Software 999,IT,68,AutoServ Sp. z o.o.,3481.28,terminowy,2025-11-11 21:08:03,licencja,Produkcyjne,delivered,2025-11-12,P-0017,2025-11-20
PROD-47C0F549,Automatyczne zamówienie produkcyjne - Microsoft Software 999,Microsoft Software 999,IT,68,AutoServ Sp. z o.o.,3481.28,terminowy,2025-11-11 21:08:03,licencja,Produkcyjne,delivered,2025-11-12,P-0017,2025-11-20
PROD-826B42AB,Automatyczne zamówienie produkcyjne - Microsoft Software 999,Microsoft Software 999,IT,68,AutoServ Sp. z o.o.,3481.28,terminowy,2025-11-11 21:08:03,licencja,Produkcyjne,delivered,2025-11-12,P-0017,2025-11-20
PROD-659A4EF9,Automatyczne zamówienie produkcyjne - Microsoft Software 999,Microsoft Software 999,IT,68,AutoServ Sp. z o.o.,3481.28,terminowy,2025-11-11 21:08:04,licencja,Produkcyjne,delivered,2025-11-12,P-0017,2025-11-20
PROD-43454C7A,Automatyczne zamówienie produkcyjne - Microsoft Software 999,Microsoft Software 999,IT,68,AutoServ Sp. z o.o.,3481.28,terminowy,2025-11-11 21:08:04,licencja,Produkcyjne,delivered,2025-11-12,P-0017,2025-11-20
PROD-7551705A,Automatyczne zamówienie produkcyjne - Microsoft Software 999,Microsoft Software 999,IT,68,AutoServ Sp. z o.o.,3481.28,terminowy,2025-11-11 21:08:04,licencja,Produkcyjne,delivered,2025-11-12,P-0017,2025-11-20
PROD-48059AF7,Automatyczne zamówienie produkcyjne - Microsoft Software 999,Microsoft Software 999,IT,68,AutoServ Sp. z o.o.,3481.28,terminowy,2025-11-11 21:08:04,licencja,Produkcyjne,delivered,2025-11-12,P-0017,2025-11-20
PROD-3AD5ADF5,Automatyczne zamówienie produkcyjne - Microsoft Software 999,Microsoft Software 999,IT,68,AutoServ Sp. z o.o.,3481.28,terminowy,2025-11-11 21:08:04,licencja,Produkcyjne,delivered,2025-11-12,P-0017,2025-11-20
PROD-A5EBDDFA,Automatyczne zamówienie produkcyjne - Microsoft Software 999,Microsoft Software 999,IT,68,AutoServ Sp. z o.o.,3481.28,terminowy,2025-11-11 21:08:04,licencja,Produkcyjne,delivered,2025-11-12,P-0017,2025-11-20
PROD-715C1707,Automatyczne zamówienie produkcyjne - Microsoft Software 999,Microsoft Software 999,IT,68,AutoServ Sp. z o.o.,3481.28,terminowy,2025-11-11 21:08:04,licencja,Produkcyjne,delivered,2025-11-12,P-0017,2025-11-20
PROD-83DECD1D,Automatyczne zamówienie produkcyjne - Microsoft Software 999,Microsoft Software 999,IT,68,AutoServ Sp. z o.o.,3481.28,terminowy,2025-11-11 21:08:05,licencja,Produkcyjne,delivered,2025-11-12,P-0017,2025-11-20
PROD-BF9AA882,Automatyczne zamówienie produkcyjne - Microsoft Software 999,Microsoft Software 999,IT,68,AutoServ Sp. z o.o.,3481.28,terminowy,2025-11-11 21:08:05,licencja,Produkcyjne,delivered,2025-11-12,P-0017,2025-11-20
PROD-1CBE3B22,Automatyczne zamówienie produkcyjne - Microsoft Software 999,Microsoft Software 999,IT,68,AutoServ Sp. z o.o.,3481.28,terminowy,2025-11-11 21:08:05,licencja,Produkcyjne,delivered,2025-11-12,P-0017,2025-11-20
PROD-A0DCE72C,Automatyczne zamówienie produkcyjne - Microsoft Software 999,Microsoft Software 999,IT,68,AutoServ Sp. z o.o.,3481.28,terminowy,2025-11-11 21:08:05,licencja,Produkcyjne,delivered,2025-11-12,P-0017,2025-11-20
PROD-667680D7,Automatyczne zamówienie produkcyjne - Microsoft Software 999,Microsoft Software 999,IT,68,AutoServ Sp. z o.o.,3481.28,terminowy,2025-11-11 21:08:05,licencja,Produkcyjne,delivered,2025-11-12,P-0017,2025-11-20
PROD-0F623C36,Automatyczne zamówienie produkcyjne - Microsoft Software 999,Microsoft Software 999,IT,68,AutoServ Sp. z o.o.,3481.28,terminowy,2025-11-11 21:08:05,licencja,Produkcyjne,delivered,2025-11-12,P-0017,2025-11-20
PROD-9FC8D1B0,Automatyczne zamówienie produkcyjne - Microsoft Software 999,Microsoft Software 999,IT,68,AutoServ Sp. z o.o.,3481.28,terminowy,2025-11-11 21:08:05,licencja,Produkcyjne,delivered,2025-11-12,P-0017,2025-11-20
PROD-967CB69D,Automatyczne zamówienie produkcyjne - Microsoft Software 999,Microsoft Software 999,IT,68,AutoServ Sp. z o.o.,3481.28,terminowy,2025-11-11 21:08:05,licencja,Produkcyjne,delivered,2025-11-12,P-0017,2025-11-20
PROD-32F9E01D,Automatyczne zamówienie produkcyjne - Microsoft Software 999,Microsoft Software 999,IT,68,AutoServ Sp. z o.o.,3481.28,terminowy,2025-11-11 21:08:06,licencja,Produkcyjne,delivered,2025-11-12,P-0017,2025-11-20
PROD-52E6410E,Automatyczne zamówienie produkcyjne - Microsoft Software 999,Microsoft Software 999,IT,68,AutoServ Sp. z o.o.,3481.28,terminowy,2025-11-11 21:08:06,licencja,Produkcyjne,delivered,2025-11-12,P-0017,2025-11-20
PROD-71AFBC51,Automatyczne zamówienie produkcyjne - Microsoft Software 999,Microsoft Software 999,IT,68,AutoServ Sp. z o.o.,3481.28,terminowy,2025-11-11 21:08:06,licencja,Produkcyjne,delivered,2025-11-12,P-0017,2025-11-20
PROD-790DEBCD,Automatyczne zamówienie produkcyjne - Microsoft Software 999,Microsoft Software 999,IT,68,AutoServ Sp. z o.o.,3481.28,terminowy,2025-11-11 21:08:06,licencja,Produkcyjne,delivered,2025-11-12,P-0017,2025-11-20
PROD-D54F12AA,Automatyczne zamówienie produkcyjne - Microsoft Software 999,Microsoft Software 999,IT,68,AutoServ Sp. z o.o.,3481.28,terminowy,2025-11-11 21:08:06,licencja,Produkcyjne,delivered,2025-11-12,P-0017,2025-11-20
PROD-5B281C32,Automatyczne zamówienie produkcyjne - Microsoft Software 999,Microsoft Software 999,IT,68,AutoServ Sp. z o.o.,3481.28,terminowy,2025-11-11 21:08:06,licencja,Produkcyjne,delivered,2025-11-12,P-0017,2025-11-20
PROD-0B63B7D6,Automatyczne zamówienie produkcyjne - Microsoft Software 999,Microsoft Software 999,IT,68,AutoServ Sp. z o.o.,3481.28,terminowy,2025-11-11 21:08:06,licencja,Produkcyjne,delivered,2025-11-12,P-0017,2025-11-20
PROD-9EC1EC9E,Automatyczne zamówienie produkcyjne - Microsoft Software 999,Microsoft Software 999,IT,68,AutoServ Sp. z o.o.,3481.28,terminowy,2025-11-11 21:08:06,licencja,Produkcyjne,delivered,2025-11-12,P-0017,2025-11-20
PROD-29816722,Automatyczne zamówienie produkcyjne - Microsoft Software 999,Microsoft Software 999,IT,68,AutoServ Sp. z o.o.,3481.28,terminowy,2025-11-11 21:08:07,licencja,Produkcyjne,delivered,2025-11-12,P-0017,2025-11-20
PROD-4F5AE26B,Automatyczne zamówienie produkcyjne - Microsoft Software 999,Microsoft Software 999,IT,68,AutoServ Sp. z o.o.,3481.28,terminowy,2025-11-11 21:08:07,licencja,Produkcyjne,delivered,2025-11-12,P-0017,2025-11-20
PROD-E47E8268,Automatyczne zamówienie produkcyjne - Microsoft Software 999,Microsoft Software 999,IT,68,AutoServ Sp. z o.o.,3481.28,terminowy,2025-11-11 21:08:07,licencja,Produkcyjne,delivered,2025-11-12,P-0017,2025-11-20
PROD-57E4DD0D,Automatyczne zamówienie produkcyjne - Microsoft Software 999,Microsoft Software 999,IT,68,AutoServ Sp. z o.o.,3481.28,terminowy,2025-11-11 21:08:07,licencja,Produkcyjne,delivered,2025-11-12,P-0017,2025-11-20
PROD-DEE9E909,Automatyczne zamówienie produkcyjne - Microsoft Software 999,Microsoft Software 999,IT,68,AutoServ Sp. z o.o.,3481.28,terminowy,2025-11-11 21:08:07,licencja,Produkcyjne,delivered,2025-11-12,P-0017,2025-11-20
PROD-171FE831,Automatyczne zamówienie produkcyjne - Microsoft Software 999,Microsoft Software 999,IT,68,AutoServ Sp. z o.o.,3481.28,terminowy,2025-11-11 21:08:07,licencja,Produkcyjne,delivered,2025-11-12,P-0017,2025-11-20
PROD-83AD86EE,Automatyczne zamówienie produkcyjne - Microsoft Software 999,Microsoft Software 999,IT,68,AutoServ Sp. z o.o.,3481.28,terminowy,2025-11-11 21:08:07,licencja,Produkcyjne,delivered,2025-11-12,P-0017,2025-11-20
PROD-7D8F7535,Automatyczne zamówienie produkcyjne - Microsoft Software 999,Microsoft Software 999,IT,68,AutoServ Sp. z o.o.,3481.28,terminowy,2025-11-11 21:08:07,licencja,Produkcyjne,delivered,2025-11-12,P-0017,2025-11-20
PROD-1C6CD6A4,Automatyczne zamówienie produkcyjne - Microsoft Software 999,Microsoft Software 999,IT,68,AutoServ Sp. z o.o.,3481.28,terminowy,2025-11-11 21:08:08,licencja,Produkcyjne,delivered,2025-11-12,P-0017,2025-11-20
PROD-DEA0FDDF,Automatyczne zamówienie produkcyjne - Microsoft Software 999,Microsoft Software 999,IT,68,AutoServ Sp. z o.o.,3481.28,terminowy,2025-11-11 21:08:08,licencja,Produkcyjne,delivered,2025-11-12,P-0017,2025-11-20
PROD-3ACF6B66,Automatyczne zamówienie produkcyjne - Microsoft Software 999,Microsoft Software 999,IT,68,AutoServ Sp. z o.o.,3481.28,terminowy,2025-11-11 21:08:08,licencja,Produkcyjne,delivered,2025-11-12,P-0017,2025-11-20
PROD-50BFF0FF,Automatyczne zamówienie produkcyjne - Microsoft Software 999,Microsoft Software 999,IT,68,AutoServ Sp. z o.o.,3481.28,terminowy,2025-11-11 21:08:08,licencja,Produkcyjne,delivered,2025-11-12,P-0017,2025-11-20
PROD-F79D71CD,Automatyczne zamówienie produkcyjne - Microsoft Software 999,Microsoft Software 999,IT,68,AutoServ Sp. z o.o.,3481.28,terminowy,2025-11-11 21:08:08,licencja,Produkcyjne,delivered,2025-11-12,P-0017,2025-11-20
PROD-1A22CFCB,Automatyczne zamówienie produkcyjne - Microsoft Software 999,Microsoft Software 999,IT,68,AutoServ Sp. z o.o.,3481.28,terminowy,2025-11-11 21:08:08,licencja,Produkcyjne,delivered,2025-11-12,P-0017,2025-11-20
PROD-2200BE19,Automatyczne zamówienie produkcyjne - Microsoft Software 999,Microsoft Software 999,IT,68,AutoServ Sp. z o.o.,3481.28,terminowy,2025-11-11 21:08:08,licencja,Produkcyjne,delivered,2025-11-12,P-0017,2025-11-20
PROD-938DD07D,Automatyczne zamówienie produkcyjne - Microsoft Software 999,Microsoft Software 999,IT,68,AutoServ Sp. z o.o.,3481.28,terminowy,2025-11-11 21:08:09,licencja,Produkcyjne,delivered,2025-11-12,P-0017,2025-11-20
PROD-1EFB7AB6,Automatyczne zamówienie produkcyjne - Microsoft Software 999,Microsoft Software 999,IT,68,AutoServ Sp. z o.o.,3481.28,terminowy,2025-11-11 21:08:09,licencja,Produkcyjne,delivered,2025-11-12,P-0017,2025-11-20
PROD-933FF157,Automatyczne zamówienie produkcyjne - Microsoft Software 999,Microsoft Software 999,IT,68,AutoServ Sp. z o.o.,3481.28,terminowy,2025-11-11 21:08:09,licencja,Produkcyjne,delivered,2025-11-12,P-0017,2025-11-20
PROD-21633383,Automatyczne zamówienie produkcyjne - Microsoft Software 999,Microsoft Software 999,IT,68,AutoServ Sp. z o.o.,3481.28,terminowy,2025-11-11 21:08:09,licencja,Produkcyjne,delivered,2025-11-12,P-0017,2025-11-20
PROD-A5B38C52,Automatyczne zamówienie produkcyjne - Microsoft Software 999,Microsoft Software 999,IT,68,AutoServ Sp. z o.o.,3481.28,terminowy,2025-11-11 21:08:09,licencja,Produkcyjne,delivered,2025-11-12,P-0017,2025-11-20
PROD-F000E078,Automatyczne zamówienie produkcyjne - Microsoft Software 999,Microsoft Software 999,IT,68,AutoServ Sp. z o.o.,3481.28,terminowy,2025-11-11 21:08:09,licencja,Produkcyjne,delivered,2025-11-12,P-0017,2025-11-20
PROD-57DCE611,Automatyczne zamówienie produkcyjne - Microsoft Software 999,Microsoft Software 999,IT,68,AutoServ Sp. z o.o.,3481.28,terminowy,2025-11-11 21:08:09,licencja,Produkcyjne,delivered,2025-11-12,P-0017,2025-11-20
PROD-5BAF5489,Automatyczne zamówienie produkcyjne - Microsoft Software 999,Microsoft Software 999,IT,68,AutoServ Sp. z o.o.,3481.28,terminowy,2025-11-11 21:08:09,licencja,Produkcyjne,delivered,2025-11-12,P-0017,2025-11-20
PROD-D2EF92F5,Automatyczne zamówienie produkcyjne - Microsoft Software 999,Microsoft Software 999,IT,68,AutoServ Sp. z o.o.,3481.28,terminowy,2025-11-11 21:08:10,licencja,Produkcyjne,delivered,2025-11-12,P-0017,2025-11-20
PROD-E7638F02,Automatyczne zamówienie produkcyjne - Microsoft Software 999,Microsoft Software 999,IT,68,AutoServ Sp. z o.o.,3481.28,terminowy,2025-11-11 21:08:10,licencja,Produkcyjne,delivered,2025-11-12,P-0017,2025-11-20
PROD-8E93E8F8,Automatyczne zamówienie produkcyjne - Microsoft Software 999,Microsoft Software 999,IT,68,AutoServ Sp. z o.o.,3481.28,terminowy,2025-11-11 21:08:10,licencja,Produkcyjne,delivered,2025-11-12,P-0017,2025-11-20
PROD-1DD16F45,Automatyczne zamówienie produkcyjne - Microsoft Software 999,Microsoft Software 999,IT,68,AutoServ Sp. z o.o.,3481.28,terminowy,2025-11-11 21:08:10,licencja,Produkcyjne,delivered,2025-11-12,P-0017,2025-11-20
PROD-6E2A5BF3,Automatyczne zamówienie produkcyjne - Microsoft Software 999,Microsoft Software 999,IT,68,AutoServ Sp. z o.o.,3481.28,terminowy,2025-11-11 21:08:10,licencja,Produkcyjne,delivered,2025-11-12,P-0017,2025-11-20
PROD-B4C6CCD3,Automatyczne zamówienie produkcyjne - Microsoft Software 999,Microsoft Software 999,IT,68,AutoServ Sp. z o.o.,3481.28,terminowy,2025-11-11 21:08:10,licencja,Produkcyjne,delivered,2025-11-12,P-0017,2025-11-20
PROD-8DB40CC1,Automatyczne zamówienie produkcyjne - Microsoft Software 999,Microsoft Software 999,IT,68,AutoServ Sp. z o.o.,3481.28,terminowy,2025-11-11 21:08:10,licencja,Produkcyjne,delivered,2025-11-12,P-0017,2025-11-20
PROD-9CF8A59C,Automatyczne zamówienie produkcyjne - Microsoft Software 999,Microsoft Software 999,IT,68,AutoServ Sp. z o.o.,3481.28,terminowy,2025-11-11 21:08:10,licencja,Produkcyjne,delivered,2025-11-12,P-0017,2025-11-20
PROD-D7F20867,Automatyczne zamówienie produkcyjne - Microsoft Software 999,Microsoft Software 999,IT,68,AutoServ Sp. z o.o.,3481.28,terminowy,2025-11-11 21:08:11,licencja,Produkcyjne,delivered,2025-11-12,P-0017,2025-11-20
PROD-05F20646,Automatyczne zamówienie produkcyjne - Microsoft Software 999,Microsoft Software 999,IT,68,AutoServ Sp. z o.o.,3481.28,terminowy,2025-11-11 21:08:11,licencja,Produkcyjne,delivered,2025-11-12,P-0017,2025-11-20
PROD-BA68BAFE,Automatyczne zamówienie produkcyjne - Microsoft Software 999,Microsoft Software 999,IT,68,AutoServ Sp. z o.o.,3481.28,terminowy,2025-11-11 21:08:11,licencja,Produkcyjne,delivered,2025-11-12,P-0017,2025-11-20
PROD-F01ED030,Automatyczne zamówienie produkcyjne - Microsoft Software 999,Microsoft Software 999,IT,68,AutoServ Sp. z o.o.,3481.28,terminowy,2025-11-11 21:08:11,licencja,Produkcyjne,delivered,2025-11-12,P-0017,2025-11-20
PROD-167F901E,Automatyczne zamówienie produkcyjne - Microsoft Software 999,Microsoft Software 999,IT,68,AutoServ Sp. z o.o.,3481.28,terminowy,2025-11-11 21:08:11,licencja,Produkcyjne,delivered,2025-11-12,P-0017,2025-11-20
PROD-0B5D5ACF,Automatyczne zamówienie produkcyjne - Microsoft Software 999,Microsoft Software 999,IT,68,AutoServ Sp. z o.o.,3481.28,terminowy,2025-11-11 21:08:11,licencja,Produkcyjne,delivered,2025-11-12,P-0017,2025-11-20
PROD-3D6E53A4,Automatyczne zamówienie produkcyjne - Microsoft Software 999,Microsoft Software 999,IT,68,AutoServ Sp. z o.o.,3481.28,terminowy,2025-11-11 21:08:11,licencja,Produkcyjne,delivered,2025-11-12,P-0017,2025-11-20
PROD-D8F54DA8,Automatyczne zamówienie produkcyjne - Microsoft Software 999,Microsoft Software 999,IT,68,AutoServ Sp. z o.o.,3481.28,terminowy,2025-11-11 21:08:12,licencja,Produkcyjne,delivered,2025-11-12,P-0017,2025-11-20
PROD-016B11B5,Automatyczne zamówienie produkcyjne - Microsoft Software 999,Microsoft Software 999,IT,68,AutoServ Sp. z o.o.,3481.28,terminowy,2025-11-11 21:08:12,licencja,Produkcyjne,delivered,2025-11-12,P-0017,2025-11-20
PROD-9E7675B6,Automatyczne zamówienie produkcyjne - Microsoft Software 999,Microsoft Software 999,IT,68,AutoServ Sp. z o.o.,3481.28,terminowy,2025-11-11 21:08:12,licencja,Produkcyjne,delivered,2025-11-12,P-0017,2025-11-20
PROD-778CA5DE,Automatyczne zamówienie produkcyjne - Microsoft Software 999,Microsoft Software 999,IT,68,AutoServ Sp. z o.o.,3481.28,terminowy,2025-11-11 21:08:12,licencja,Produkcyjne,delivered,2025-11-12,P-0017,2025-11-20
PROD-DC1DE2FA,Automatyczne zamówienie produkcyjne - Microsoft Software 999,Microsoft Software 999,IT,68,AutoServ Sp. z o.o.,3481.28,terminowy,2025-11-11 21:08:12,licencja,Produkcyjne,delivered,2025-11-12,P-0017,2025-11-20
PROD-4C3B14D8,Automatyczne zamówienie produkcyjne - Microsoft Software 999,Microsoft Software 999,IT,68,AutoServ Sp. z o.o.,3481.28,terminowy,2025-11-11 21:08:12,licencja,Produkcyjne,delivered,2025-11-12,P-0017,2025-11-20
PROD-7DB06497,Automatyczne zamówienie produkcyjne - Microsoft Software 999,Microsoft Software 999,IT,68,AutoServ Sp. z o.o.,3481.28,terminowy,2025-11-11 21:08:12,licencja,Produkcyjne,delivered,2025-11-12,P-0017,2025-11-20
PROD-7BE4A441,Automatyczne zamówienie produkcyjne - Microsoft Software 999,Microsoft Software 999,IT,68,AutoServ Sp. z o.o.,3481.28,terminowy,2025-11-11 21:08:12,licencja,Produkcyjne,delivered,2025-11-12,P-0017,2025-11-20
PROD-04F29C20,Automatyczne zamówienie produkcyjne - Microsoft Software 999,Microsoft Software 999,IT,68,AutoServ Sp. z o.o.,3481.28,terminowy,2025-11-11 21:08:13,licencja,Produkcyjne,delivered,2025-11-12,P-0017,2025-11-20
PROD-15175099,Automatyczne zamówienie produkcyjne - Microsoft Software 999,Microsoft Software 999,IT,68,AutoServ Sp. z o.o.,3481.28,terminowy,2025-11-11 21:08:13,licencja,Produkcyjne,delivered,2025-11-12,P-0017,2025-11-20
ORD-939660D7,potrzeebuje myszkę do komputera,Brother Printers 174,IT,1,LogiTrans Sp. z o.o.,3219.33,terminowy,2025-11-11 22:37:23,szt.,Standardowe,delivered,2025-11-18,,2025-11-20
PROD-5BA47B6F,Automatyczne zamówienie produkcyjne - HP Laptops Model 298,HP Laptops Model 298,IT,105,EuroSupply SARL,5090.74,terminowy,2025-11-13 22:11:12,szt.,Produkcyjne,delivered,2025-11-22,P-0001,2026-09-17
PROD-A623A2FD,Automatyczne zamówienie produkcyjne - Navigator Paper 643 op.,Navigator Paper 643 op.,Office,72,PaperMax GmbH,25.35,terminowy,2025-11-13 22:29:38,op.,Produkcyjne,delivered,2025-11-18,P-0002,2026-09-25
