"Product_ID","Product_Name","Category","Subcategory","Unit","Min_Stock_Level","Average_Lead_Time_Days","Unit_Cost","Currency"
"P-0001","HP Laptops Model 298","IT","Laptops","szt.","42","9","5067.33","PLN"
"P-0002","Navigator Paper 643 op.","Office","Paper","op.","29","5","26.33","PLN"
"P-0003","Papyrus Paper Model 522","Office","Paper","op.","129","13","53.03","PLN"
"P-0004","Bosch Tools Model 429","Production","Tools","szt.","54","8","66.57","PLN"
"P-0005","Uvex Safety glasses 779","BHP","Safety glasses","szt.","81","12","175.45","EUR"
"P-0006","Siemens Sensors Model 208","Production","Sensors","szt.","90","2","1334.03","PLN"
"P-0007","Samsung Monitors Model 944","IT","Monitors","szt.","61","8","1587.61","PLN"
"P-0008","SKF Bearings Model 874","Automotive","Bearings","szt.","104","11","224.26","PLN"
"P-0009","Honeywell Safety glasses Model 232","BHP","Safety glasses","szt.","30","6","17.89","PLN"
"P-0010","Sachs Engine parts 450","Automotive","Engine parts","szt.","117","5","434.6","PLN"
"P-0011","Total Oils 819L","Automotive","Oils","L","85","9","186.5","EUR"
"P-0012","BIC Pens 163","Office","Pens","szt.","180","3","0.56","PLN"
"P-0013","Honeywell Safety glasses 887","BHP","Safety glasses","szt.","27","7","135.94","PLN"
"P-0014","Milwaukee Tools 443","Production","Tools","szt.","62","9","476.67","PLN"
"P-0015","BIC Pens 103","Office","Pens","szt.","50","12","Jan-16","EUR"
"P-0016","DeWalt Tools 515","Production","Tools","szt.","21","4","150.91","EUR"
"P-0017","Microsoft Software 999","IT","Software","licencja","45","1","3727.21","PLN"
"P-0018","Siemens Motors 796","Production","Motors","szt.","16","9","6623.12","EUR"
"P-0019","Adobe Software 759","IT","Software","licencja","1","7","9237.04","PLN"
"P-0020","3M Helmets 338","BHP","Helmets","szt.","7","8","165.6","PLN"
"P-0021","Uvex Gloves Model 145","BHP","Gloves","para","44","6","32.3","PLN"
"P-0022","Honeywell Gloves Model 259","BHP","Gloves","para","12","3","32.84","EUR"
"P-0023","Mahle Filters 477","Automotive","Filters","szt.","2","8","132.5","PLN"
"P-0024","Xerox Toner 151","Office","Toner","szt.","65","4","465.13","PLN"
"P-0025","BIC Pens Model 740","Office","Pens","szt.","63","12","4-Dec","PLN"
"P-0026","Gates Engine parts 379","Automotive","Engine parts","szt.","53","8","905.37","EUR"
"P-0027","IKEA Office chairs Model 477","Office","Office chairs","szt.","50","11","2025.15","PLN"
"P-0028","Wurth Screws 413","Production","Screws","szt.","103","3","0.48","PLN"
"P-0029","Bosch Engine parts Model 132","Automotive","Engine parts","szt.","12","7","1988.71","PLN"
"P-0030","Xerox Paper 153 op.","Office","Paper","op.","80","4","52.6","PLN"
"P-0031","Portwest Workwear Model 390","BHP","Workwear","szt.","85","7","107.37","EUR"
"P-0032","Gates Engine parts Model 115","Automotive","Engine parts","szt.","52","10","1955.64","PLN"
"P-0033","Helly Hansen Workwear Model 267","BHP","Workwear","szt.","84","3","409.38","PLN"
"P-0034","Navigator Paper 836 op.","Office","Paper","op.","49","2","50.16","PLN"
"P-0035","Nowy Styl Office chairs 420","Office","Office chairs","szt.","24","2","1156.85","PLN"
"P-0036","Lenovo Laptops 221","IT","Laptops","szt.","3","11","3415.87","PLN"
"P-0037","Mann Filters 571","Automotive","Filters","szt.","79","10","159.79","PLN"
"P-0038","REX Screws Model 266","Production","Screws","szt.","90","5","0.78","PLN"
"P-0039","Dell Monitors Model 664","IT","Monitors","szt.","25","3","2703.5","PLN"
"P-0040","Dell Laptops 886","IT","Laptops","szt.","21","8","3162.62","EUR"
"P-0041","Mahle Filters 384","Automotive","Filters","szt.","52","2","83.09","PLN"
"P-0042","Microsoft Software Model 985","IT","Software","licencja","83","9","16750.02","PLN"
"P-0043","Honeywell Gloves Model 797","BHP","Gloves","para","90","14","32.6","PLN"
"P-0044","NTN Bearings 355","Automotive","Bearings","szt.","10","10","180.46","PLN"
"P-0045","Sachs Engine parts Model 494","Automotive","Engine parts","szt.","45","11","692.45","EUR"
"P-0046","DeWalt Tools 590","Production","Tools","szt.","58","16","1799.29","EUR"
"P-0047","Siemens Sensors Model 475","Production","Sensors","szt.","45","15","362.29","PLN"
"P-0048","BIC Pens Model 308","Office","Pens","szt.","51","10","Jan-63","PLN"
"P-0049","Sachs Engine parts 231","Automotive","Engine parts","szt.","55","4","2102.12","EUR"
"P-0050","Portwest Workwear 502","BHP","Workwear","szt.","73","8","743.51","PLN"
"P-0051","Brother Printers 174","IT","Printers","szt.","13","5","3462.46","EUR"
"P-0052","LG Monitors 200","IT","Monitors","szt.","49","3","3037.78","EUR"
"P-0053","Brother Toner Model 588","Office","Toner","szt.","31","7","292.7","PLN"
"P-0054","SKF Bearings Model 107","Automotive","Bearings","szt.","94","11","301.69","PLN"
"P-0055","Mann Filters Model 376","Automotive","Filters","szt.","26","13","275.73","PLN"
"P-0056","Xerox Toner Model 540","Office","Toner","szt.","29","9","239.21","PLN"
"P-0057","Uvex Safety glasses 501","BHP","Safety glasses","szt.","87","1","104.59","EUR"
"P-0058","Xerox Toner 562","Office","Toner","szt.","9","5","891.93","PLN"
"P-0059","Stabilo Pens Model 330","Office","Pens","szt.","59","6","Mar-28","PLN"
"P-0060","Stabilo Pens 199","Office","Pens","szt.","77","1","Jan-17","PLN"
"P-0061","SKF Bearings 305","Automotive","Bearings","szt.","40","2","265.34","PLN"
"P-0062","Xerox Toner 651","Office","Toner","szt.","64","10","815.6","EUR"
"P-0063","Ardon Workwear 121","BHP","Workwear","szt.","39","6","498.33","PLN"
"P-0064","HP Printers 275","IT","Printers","szt.","54","5","3582.25","EUR"
"P-0065","3M Helmets 818","BHP","Helmets","szt.","33","7","143.84","EUR"
"P-0066","Xerox Paper Model 244","Office","Paper","op.","1","1","66.54","PLN"
"P-0067","Bosch Engine parts 487","Automotive","Engine parts","szt.","115","11","1089.72","PLN"
"P-0068","Wurth Screws 207","Production","Screws","szt.","68","9","0.73","PLN"
"P-0069","Makita Tools Model 462","Production","Tools","szt.","102","5","281.65","PLN"
"P-0070","Siemens Sensors 515","Production","Sensors","szt.","38","9","152.57","PLN"
"P-0071","Samsung Monitors Model 493","IT","Monitors","szt.","17","12","488.59","PLN"
"P-0072","BIC Pens Model 714","Office","Pens","szt.","70","4","Jan-64","EUR"
"P-0073","Papyrus Paper Model 828","Office","Paper","op.","57","5","41.07","PLN"
"P-0074","Mobil Oils 514L","Automotive","Oils","L","117","7","61.4","EUR"
"P-0075","Ansell Gloves Rękawice 979","BHP","Gloves","para","77","10","61.87","PLN"
"P-0076","NTN Bearings 636","Automotive","Bearings","szt.","20","10","210.86","EUR"
"P-0077","Milwaukee Tools 349","Production","Tools","szt.","38","1","1611.68","EUR"
"P-0078","HP Printers 417","IT","Printers","szt.","67","1","523.58","EUR"
"P-0079","3M Safety glasses 207","BHP","Safety glasses","szt.","35","11","100.14","PLN"
"P-0080","Mann Filters 324","Automotive","Filters","szt.","99","6","275.64","PLN"
"P-0081","3M Helmets 757","BHP","Helmets","szt.","33","7","51.63","EUR"
"P-0082","Makita Tools 948","Production","Tools","szt.","24","15","1075.57","EUR"
"P-0083","FAG Bearings Model 446","Automotive","Bearings","szt.","19","13","256.17","PLN"
"P-0084","HP Laptops 171","IT","Laptops","szt.","46","12","3197.9","EUR"
"P-0085","Canon Printers Model 247","IT","Printers","szt.","127","10","3351.26","PLN"
"P-0086","Siemens Motors 957","Production","Motors","szt.","139","4","2985.95","EUR"
"P-0087","Asus Laptops 814","IT","Laptops","szt.","79","4","7040.87","EUR"
"P-0088","Papyrus Paper 539 op.","Office","Paper","op.","1","5","28.16","PLN"
"P-0089","Brother Printers 286","IT","Printers","szt.","13","4","1579.69","PLN"
"P-0090","Bosch Engine parts 339","Automotive","Engine parts","szt.","67","5","2253.12","PLN"
"P-0091","Dell Laptops Model 530","IT","Laptops","szt.","27","6","7272.88","PLN"
"P-0092","Canon Printers 771","IT","Printers","szt.","13","14","3706.5","EUR"
"P-0093","Bosch Filters 887","Automotive","Filters","szt.","98","12","33.68","EUR"
"P-0094","NTN Bearings Model 142","Automotive","Bearings","szt.","11","4","38.77","EUR"
"P-0095","Microsoft Software Model 978","IT","Software","licencja","34","6","8269.07","EUR"
"P-0096","Adobe Software Model 534","IT","Software","licencja","21","4","1640.96","EUR"
"P-0097","Microsoft Software 656","IT","Software","licencja","84","8","6437.34","EUR"
"P-0098","Xerox Toner Model 461","Office","Toner","szt.","79","11","892.38","PLN"
"P-0099","NTN Bearings 561","Automotive","Bearings","szt.","9","1","294.13","PLN"
"P-0100","Samsung Monitors Model 937","IT","Monitors","szt.","102","8","1671.5","PLN"
"P-0101","Lenovo Laptops Model 847","IT","Laptops","szt.","95","5","8984.93","PLN"
"P-0102","Bosch Engine parts 699","Automotive","Engine parts","szt.","62","5","2138.01","PLN"
"P-0103","Mahle Filters 613","Automotive","Filters","szt.","3","4","201.07","PLN"
"P-0104","Brother Toner 350","Office","Toner","szt.","56","6","994.12","EUR"
"P-0105","Sachs Engine parts Model 961","Automotive","Engine parts","szt.","20","6","617.85","EUR"
"P-0106","Milwaukee Tools 577","Production","Tools","szt.","108","9","1042.87","EUR"
"P-0107","Petzl Helmets 262","BHP","Helmets","szt.","30","12","96.95","PLN"
"P-0108","Mahle Filters 440","Automotive","Filters","szt.","45","13","237.34","PLN"
"P-0109","Siemens Motors 555","Production","Motors","szt.","16","9","1816.49","PLN"
"P-0110","Siemens Sensors Model 227","Production","Sensors","szt.","101","6","1481.16","PLN"
"P-0111","Stabilo Pens Model 371","Office","Pens","szt.","32","9","Jan-75","PLN"
"P-0112","Mahle Filters Model 774","Automotive","Filters","szt.","12","1","177.09","EUR"
"P-0113","3M Helmets 708","BHP","Helmets","szt.","75","11","110.24","PLN"
"P-0114","Brother Toner 137","Office","Toner","szt.","94","7","879.91","EUR"
"P-0115","Honeywell Gloves Model 902","BHP","Gloves","para","36","8","29-Jun","PLN"
"P-0116","Papyrus Paper 886 op.","Office","Paper","op.","14","1","28-Jun","EUR"
"P-0117","REX Screws Model 988","Production","Screws","szt.","8","13","Jan-99","EUR"
"P-0118","HP Printers 478","IT","Printers","szt.","27","3","4776.1","EUR"
"P-0119","Stabilo Pens Model 829","Office","Pens","szt.","8","8","Apr-49","PLN"
"P-0120","HP Printers 352","IT","Printers","szt.","50","7","2361.7","EUR"
"P-0121","Honeywell Gloves Rękawice 282","BHP","Gloves","para","5","7","41.36","EUR"
"P-0122","Canon Printers 361","IT","Printers","szt.","88","4","2018.2","EUR"
"P-0123","Ansell Gloves Model 483","BHP","Gloves","para","92","3","15-Aug","PLN"
"P-0124","Profim Office chairs Model 193","Office","Office chairs","szt.","67","6","1296.72","PLN"
"P-0125","Profim Office chairs 680","Office","Office chairs","szt.","76","6","1958.19","PLN"
"P-0126","Bosch Engine parts Model 267","Automotive","Engine parts","szt.","106","3","819.11","EUR"
"P-0127","Wurth Screws Model 509","Production","Screws","szt.","42","4","0.32","PLN"
"P-0128","Brother Printers Model 125","IT","Printers","szt.","67","2","1975.84","PLN"
"P-0129","Xerox Paper 768 op.","Office","Paper","op.","40","5","69.18","PLN"
"P-0130","NTN Bearings Model 625","Automotive","Bearings","szt.","1","9","303.16","PLN"
"P-0131","Castrol Oils 773L","Automotive","Oils","L","22","10","77.98","PLN"
"P-0132","IKEA Office chairs Model 453","Office","Office chairs","szt.","44","15","1216.56","EUR"
"P-0133","Honeywell Gloves Rękawice 20","BHP","Gloves","para","15","3","78.03","EUR"
"P-0134","HP Laptops 911","IT","Laptops","szt.","39","9","11677.77","PLN"
"P-0135","Navigator Paper Model 150","Office","Paper","op.","34","9","40.08","PLN"
"P-0136","Makita Tools Model 634","Production","Tools","szt.","66","6","554.74","EUR"
"P-0137","Asus Laptops Model 998","IT","Laptops","szt.","52","8","9656.38","EUR"
"P-0138","Xerox Paper Model 217","Office","Paper","op.","53","6","56.48","EUR"
"P-0139","Wurth Screws Model 872","Production","Screws","szt.","2","3","0.51","EUR"
"P-0140","HP Toner 893","Office","Toner","szt.","43","5","582.68","EUR"
"P-0141","LG Monitors 766","IT","Monitors","szt.","45","6","3353.64","PLN"
"P-0142","Gates Engine parts Model 699","Automotive","Engine parts","szt.","52","3","811.73","PLN"
"P-0143","Xerox Toner Model 502","Office","Toner","szt.","86","2","617.74","EUR"
"P-0144","Shell Oils 259L","Automotive","Oils","L","163","12","167.26","PLN"
"P-0145","ABB Motors Model 367","Production","Motors","szt.","15","9","7520.69","PLN"
"P-0146","IKEA Office chairs 642","Office","Office chairs","szt.","33","8","1007.13","PLN"
"P-0147","BIC Pens 969","Office","Pens","szt.","1","9","Feb-14","PLN"
"P-0148","REX Screws Model 462","Production","Screws","szt.","52","6","Jan-58","PLN"
"P-0149","Helly Hansen Workwear 802","BHP","Workwear","szt.","104","12","99.57","EUR"
"P-0150","Dell Laptops Model 717","IT","Laptops","szt.","35","10","4327.7","EUR"
"P-0151","Portwest Workwear 229","BHP","Workwear","szt.","120","1","467.89","EUR"
"P-0152","DeWalt Tools 121","Production","Tools","szt.","35","6","1827.44","EUR"
"P-0153","Makita Tools Model 626","Production","Tools","szt.","65","8","386.0","EUR"
"P-0154","Portwest Workwear Model 180","BHP","Workwear","szt.","103","2","585.44","PLN"
"P-0155","ABB Motors Model 536","Production","Motors","szt.","13","5","6807.17","PLN"
"P-0156","Milwaukee Tools 450","Production","Tools","szt.","92","11","822.41","PLN"
"P-0157","Shell Oils 971L","Automotive","Oils","L","136","9","72.76","PLN"
"P-0158","Microsoft Software 934","IT","Software","licencja","62","5","19628.68","EUR"
"P-0159","Nowy Styl Office chairs Model 309","Office","Office chairs","szt.","64","5","802.85","EUR"
"P-0160","Honeywell Safety glasses Model 389","BHP","Safety glasses","szt.","135","13","28.14","EUR"
"P-0161","Mahle Filters Model 612","Automotive","Filters","szt.","46","10","244.89","EUR"
"P-0162","HP Laptops Model 453","IT","Laptops","szt.","134","6","3846.87","PLN"
"P-0163","HP Toner 779","Office","Toner","szt.","13","8","994.31","EUR"
"P-0164","Bosch Filters Model 838","Automotive","Filters","szt.","102","1","80.1","PLN"
"P-0165","LG Monitors 668","IT","Monitors","szt.","44","4","2945.53","PLN"
"P-0166","Uvex Gloves Model 123","BHP","Gloves","para","54","1","77.67","PLN"
"P-0167","Profim Office chairs 367","Office","Office chairs","szt.","3","17","2262.61","PLN"
"P-0168","Dell Monitors 143","IT","Monitors","szt.","22","4","2270.08","EUR"
"P-0169","SICK Sensors Model 536","Production","Sensors","szt.","75","2","820.43","EUR"
"P-0170","DeWalt Tools 112","Production","Tools","szt.","75","11","1484.4","EUR"
"P-0171","Castrol Oils 702L","Automotive","Oils","L","230","4","38.07","PLN"
"P-0172","HP Toner 159","Office","Toner","szt.","14","13","1025.51","PLN"
"P-0173","Total Oils 428L","Automotive","Oils","L","161","12","191.1","EUR"
"P-0174","Makita Tools Model 673","Production","Tools","szt.","75","5","1001.51","PLN"
"P-0175","Xerox Toner 830","Office","Toner","szt.","48","2","844.72","PLN"
"P-0176","IKEA Office chairs 857","Office","Office chairs","szt.","43","2","522.98","EUR"
"P-0177","Portwest Workwear Model 185","BHP","Workwear","szt.","94","10","186.8","PLN"
"P-0178","Milwaukee Tools Model 960","Production","Tools","szt.","100","11","705.59","EUR"
"P-0179","Canon Printers 347","IT","Printers","szt.","33","3","1232.46","EUR"
"P-0180","Xerox Paper Model 793","Office","Paper","op.","22","12","29-May","PLN"
"P-0181","LG Monitors 907","IT","Monitors","szt.","68","7","2359.22","EUR"
"P-0182","Castrol Oils 265L","Automotive","Oils","L","272","2","139.16","PLN"
"P-0183","Papyrus Paper Model 764","Office","Paper","op.","39","12","74.6","EUR"
"P-0184","Honeywell Gloves Model 753","BHP","Gloves","para","14","3","33.83","EUR"
"P-0185","Shell Oils 837L","Automotive","Oils","L","299","6","62.74","EUR"
"P-0186","Siemens Motors 526","Production","Motors","szt.","48","3","1389.22","PLN"
"P-0187","Ansell Gloves Model 531","BHP","Gloves","para","114","9","60.32","EUR"
"P-0188","Wurth Screws 342","Production","Screws","szt.","56","5","0.78","PLN"
"P-0189","Makita Tools Model 693","Production","Tools","szt.","31","7","606.89","PLN"
"P-0190","REX Screws 598","Production","Screws","szt.","2","16","0.74","EUR"
"P-0191","HP Toner 902","Office","Toner","szt.","73","6","563.98","PLN"
"P-0192","Dell Laptops 950","IT","Laptops","szt.","13","3","4660.81","EUR"
"P-0193","Siemens Motors 871","Production","Motors","szt.","138","7","6490.77","PLN"
"P-0194","ABB Motors 403","Production","Motors","szt.","123","1","7347.14","PLN"
"P-0195","Uvex Safety glasses 971","BHP","Safety glasses","szt.","19","9","58.2","EUR"
"P-0196","Castrol Oils 371L","Automotive","Oils","L","163","23","59.97","PLN"
"P-0197","Navigator Paper Model 100","Office","Paper","op.","40","10","61.19","PLN"
"P-0198","WEG Motors Model 250","Production","Motors","szt.","35","8","2392.58","PLN"
"P-0199","Shell Oils 872L","Automotive","Oils","L","66","12","67.42","PLN"
"P-0200","Samsung Monitors Model 719","IT","Monitors","szt.","44","9","570.56","PLN"
"P-0201","Petzl Helmets 833","BHP","Helmets","szt.","88","9","103.8","PLN"
"P-0202","Nowy Styl Office chairs 612","Office","Office chairs","szt.","64","7","846.79","PLN"
"P-0203","NTN Bearings 209","Automotive","Bearings","szt.","107","9","80.8","PLN"
"P-0204","Honeywell Safety glasses 178","BHP","Safety glasses","szt.","68","8","79.46","PLN"
"P-0205","Siemens Sensors 598","Production","Sensors","szt.","24","5","260.78","PLN"
"P-0206","Uvex Safety glasses 886","BHP","Safety glasses","szt.","177","11","31.92","EUR"
"P-0207","NTN Bearings 636","Automotive","Bearings","szt.","11","3","239.63","PLN"
"P-0208","Navigator Paper 40 op.","Office","Paper","op.","6","3","35.19","EUR"
"P-0209","Xerox Toner 115","Office","Toner","szt.","5","9","909.75","PLN"
"P-0210","Bosch Filters Model 644","Automotive","Filters","szt.","13","4","37.5","PLN"
"P-0211","Brother Printers 353","IT","Printers","szt.","29","5","2372.31","PLN"
"P-0212","WEG Motors Model 175","Production","Motors","szt.","49","8","4219.86","PLN"
"P-0213","Bosch Filters 747","Automotive","Filters","szt.","61","12","202.21","PLN"
"P-0214","BIC Pens 568","Office","Pens","szt.","102","10","0.8","PLN"
"P-0215","Microsoft Software 204","IT","Software","licencja","11","1","15447.51","EUR"
"P-0216","Bosch Tools 540","Production","Tools","szt.","62","8","897.69","EUR"
"P-0217","Microsoft Software Model 547","IT","Software","licencja","34","9","2438.53","EUR"
"P-0218","Dell Monitors 692","IT","Monitors","szt.","39","2","3491.98","EUR"
"P-0219","Petzl Helmets Model 991","BHP","Helmets","szt.","53","9","88.15","EUR"
"P-0220","Castrol Oils 610L","Automotive","Oils","L","374","15","83.54","PLN"
"P-0221","Mahle Filters 429","Automotive","Filters","szt.","40","10","104.62","EUR"
"P-0222","Wurth Screws Model 983","Production","Screws","szt.","55","10","0.56","EUR"
"P-0223","Mann Filters Model 631","Automotive","Filters","szt.","8","1","145.53","PLN"
"P-0224","Mann Filters Model 604","Automotive","Filters","szt.","72","9","28.22","PLN"
"P-0225","BIC Pens 830","Office","Pens","szt.","28","9","3-Dec","EUR"
"P-0226","Milwaukee Tools 168","Production","Tools","szt.","14","6","394.37","PLN"
"P-0227","HP Toner Model 179","Office","Toner","szt.","66","5","757.6","EUR"
"P-0228","Shell Oils 725L","Automotive","Oils","L","107","9","86.36","PLN"
"P-0229","Stabilo Pens 452","Office","Pens","szt.","8","13","3-Jan","EUR"
"P-0230","Valeo Engine parts 382","Automotive","Engine parts","szt.","20","3","2198.81","EUR"
"P-0231","Helly Hansen Workwear Model 379","BHP","Workwear","szt.","76","1","609.75","EUR"
"P-0232","Xerox Paper Model 662","Office","Paper","op.","68","6","44.83","PLN"
"P-0233","BIC Pens Model 395","Office","Pens","szt.","23","7","Feb-65","EUR"
"P-0234","Microsoft Software 771","IT","Software","licencja","37","9","8822.54","PLN"
"P-0235","Brother Printers 970","IT","Printers","szt.","73","9","1556.73","PLN"
"P-0236","Brother Printers Model 421","IT","Printers","szt.","53","6","4621.92","PLN"
"P-0237","Nowy Styl Office chairs Model 858","Office","Office chairs","szt.","21","8","599.21","EUR"
"P-0238","SICK Sensors Model 476","Production","Sensors","szt.","29","9","267.46","EUR"
"P-0239","ABB Motors Model 115","Production","Motors","szt.","13","7","2419.51","PLN"
"P-0240","Uvex Safety glasses Model 206","BHP","Safety glasses","szt.","28","13","164.11","EUR"
"P-0241","FAG Bearings 183","Automotive","Bearings","szt.","110","9","246.19","EUR"
"P-0242","3M Safety glasses Model 346","BHP","Safety glasses","szt.","39","10","120.92","EUR"
"P-0243","SICK Sensors Model 802","Production","Sensors","szt.","53","1","959.8","PLN"
"P-0244","Mobil Oils 983L","Automotive","Oils","L","34","7","173.76","PLN"
"P-0245","Xerox Toner Model 174","Office","Toner","szt.","55","5","1147.4","PLN"
"P-0246","Navigator Paper Model 853","Office","Paper","op.","24","10","33.59","PLN"
"P-0247","Castrol Oils 668L","Automotive","Oils","L","75","11","102.04","PLN"
"P-0248","Castrol Oils 808L","Automotive","Oils","L","240","7","142.23","EUR"
"P-0249","Brother Toner Model 775","Office","Toner","szt.","142","9","381.67","EUR"
"P-0250","Nowy Styl Office chairs 162","Office","Office chairs","szt.","110","12","1027.86","PLN"
"P-0251","Honeywell Gloves Model 191","BHP","Gloves","para","20","6","67.38","EUR"
"P-0252","Ardon Workwear 822","BHP","Workwear","szt.","20","10","785.87","PLN"
"P-0253","Pepperl+Fuchs Sensors 814","Production","Sensors","szt.","61","2","1220.38","EUR"
"P-0254","Samsung Monitors Model 878","IT","Monitors","szt.","30","7","2345.21","PLN"
"P-0255","LG Monitors 764","IT","Monitors","szt.","118","3","1974.28","PLN"
"P-0256","Gates Engine parts 932","Automotive","Engine parts","szt.","25","4","208.66","PLN"
"P-0257","Milwaukee Tools 173","Production","Tools","szt.","99","9","164.14","PLN"
"P-0258","IKEA Office chairs 451","Office","Office chairs","szt.","6","8","1728.52","PLN"
"P-0259","3M Safety glasses 288","BHP","Safety glasses","szt.","74","9","72.65","PLN"
"P-0260","Mobil Oils 304L","Automotive","Oils","L","178","7","67.87","PLN"
"P-0261","Sachs Engine parts Model 290","Automotive","Engine parts","szt.","1","5","1456.82","PLN"
"P-0262","Honeywell Gloves Model 858","BHP","Gloves","para","75","7","Oct-17","PLN"
"P-0263","Adobe Software 132","IT","Software","licencja","102","1","11591.19","EUR"
"P-0264","Petzl Helmets Model 570","BHP","Helmets","szt.","94","15","386.82","PLN"
"P-0265","REX Screws 462","Production","Screws","szt.","40","3","Jan-63","PLN"
"P-0266","Profim Office chairs Model 400","Office","Office chairs","szt.","77","4","360.34","PLN"
"P-0267","Mahle Filters Model 982","Automotive","Filters","szt.","24","9","179.83","EUR"
"P-0268","Milwaukee Tools 314","Production","Tools","szt.","64","8","1465.43","PLN"
"P-0269","ABB Motors 671","Production","Motors","szt.","85","7","6760.59","PLN"
"P-0270","DeWalt Tools Model 795","Production","Tools","szt.","21","7","1046.35","PLN"
"P-0271","Honeywell Safety glasses Model 521","BHP","Safety glasses","szt.","4","5","26.84","EUR"
"P-0272","Stabilo Pens Model 680","Office","Pens","szt.","34","5","1-Jan","PLN"
"P-0273","Castrol Oils 122L","Automotive","Oils","L","165","8","41.78","EUR"
"P-0274","Castrol Oils 486L","Automotive","Oils","L","203","8","162.03","PLN"
"P-0275","Siemens Motors 640","Production","Motors","szt.","60","3","2170.32","PLN"
"P-0276","HP Toner 941","Office","Toner","szt.","90","5","981.9","PLN"
"P-0277","3M Safety glasses Model 328","BHP","Safety glasses","szt.","15","14","104.08","PLN"
"P-0278","Profim Office chairs Model 207","Office","Office chairs","szt.","13","10","1408.07","PLN"
"P-0279","Ansell Gloves Model 841","BHP","Gloves","para","14","16","42.49","EUR"
"P-0280","SKF Bearings Model 346","Automotive","Bearings","szt.","17","9","56.87","EUR"
"P-0281","Bosch Tools 232","Production","Tools","szt.","75","13","98.64","PLN"
"P-0282","3M Safety glasses 493","BHP","Safety glasses","szt.","128","9","192.05","EUR"
"P-0283","3M Helmets Model 904","BHP","Helmets","szt.","70","14","272.95","PLN"
"P-0284","Makita Tools 223","Production","Tools","szt.","2","7","104.77","PLN"
"P-0285","Honeywell Safety glasses Model 260","BHP","Safety glasses","szt.","28","1","38.74","EUR"
"P-0286","Dell Monitors 193","IT","Monitors","szt.","58","5","1001.21","PLN"
"P-0287","Uvex Safety glasses Model 318","BHP","Safety glasses","szt.","29","7","114.47","EUR"
"P-0288","Portwest Workwear 617","BHP","Workwear","szt.","63","9","595.42","EUR"
"P-0289","Mahle Filters 723","Automotive","Filters","szt.","10","7","274.01","PLN"
"P-0290","Navigator Paper Model 857","Office","Paper","op.","60","5","30.25","EUR"
"P-0291","Xerox Paper Model 916","Office","Paper","op.","40","8","72.53","EUR"
"P-0292","Total Oils 688L","Automotive","Oils","L","165","11","170.05","PLN"
"P-0293","Brother Printers 701","IT","Printers","szt.","39","5","4791.34","PLN"
"P-0294","Dell Monitors 345","IT","Monitors","szt.","38","6","429.89","PLN"
"P-0295","NTN Bearings 237","Automotive","Bearings","szt.","7","10","102.27","EUR"
"P-0296","Profim Office chairs Model 562","Office","Office chairs","szt.","111","8","2296.16","EUR"
"P-0297","Uvex Safety glasses 432","BHP","Safety glasses","szt.","23","3","87.19","PLN"
"P-0298","Navigator Paper Model 775","Office","Paper","op.","66","6","66.62","PLN"
"P-0299","Helly Hansen Workwear Model 122","BHP","Workwear","szt.","66","8","530.1","PLN"
"P-0300","ABB Motors Model 154","Production","Motors","szt.","39","5","5205.77","EUR"
"P-0301","Mann Filters 123","Automotive","Filters","szt.","80","5","164.47","EUR"
"P-0302","Mahle Filters Model 686","Automotive","Filters","szt.","26","11","43.57","PLN"
"P-0303","Stabilo Pens 561","Office","Pens","szt.","11","14","Feb-33","PLN"
"P-0304","Bosch Filters 223","Automotive","Filters","szt.","56","6","122.97","EUR"
"P-0305","Canon Printers 859","IT","Printers","szt.","21","11","4831.54","EUR"
"P-0306","Xerox Toner 349","Office","Toner","szt.","15","3","500.94","PLN"
"P-0307","Brother Printers 638","IT","Printers","szt.","34","13","1368.55","EUR"
"P-0308","IKEA Office chairs 279","Office","Office chairs","szt.","10","3","1114.36","PLN"
"P-0309","Stabilo Pens 806","Office","Pens","szt.","80","5","1-Jan","PLN"
"P-0310","Microsoft Software 380","IT","Software","licencja","29","4","16845.51","EUR"
"P-0311","Brother Printers Model 576","IT","Printers","szt.","64","7","2251.0","EUR"
"P-0312","Mann Filters 672","Automotive","Filters","szt.","13","10","241.12","PLN"
"P-0313","Brother Toner Model 723","Office","Toner","szt.","51","10","268.96","PLN"
"P-0314","Bosch Engine parts Model 283","Automotive","Engine parts","szt.","124","7","1150.81","EUR"
"P-0315","Nowy Styl Office chairs Model 266","Office","Office chairs","szt.","5","11","856.61","PLN"
"P-0316","BIC Pens 221","Office","Pens","szt.","51","7","1-Sep","PLN"
"P-0317","NTN Bearings 224","Automotive","Bearings","szt.","48","12","309.55","PLN"
"P-0318","Microsoft Software Model 749","IT","Software","licencja","33","13","2005.72","EUR"
"P-0319","Dell Monitors Model 855","IT","Monitors","szt.","83","6","550.72","EUR"
"P-0320","Portwest Workwear Model 102","BHP","Workwear","szt.","62","9","335.91","PLN"
"P-0321","HP Printers Model 161","IT","Printers","szt.","12","2","1005.55","PLN"
"P-0322","Castrol Oils 744L","Automotive","Oils","L","262","4","123.03","PLN"
"P-0323","SKF Bearings Model 701","Automotive","Bearings","szt.","14","5","250.03","EUR"
"P-0324","Brother Toner Model 570","Office","Toner","szt.","12","10","709.1","PLN"
"P-0325","3M Safety glasses Model 497","BHP","Safety glasses","szt.","14","9","135.54","EUR"
"P-0326","Uvex Safety glasses 394","BHP","Safety glasses","szt.","87","1","174.67","EUR"
"P-0327","WEG Motors Model 109","Production","Motors","szt.","34","13","849.44","PLN"
"P-0328","Pepperl+Fuchs Sensors 724","Production","Sensors","szt.","14","14","1388.86","EUR"
"P-0329","Dell Laptops 765","IT","Laptops","szt.","100","1","3437.53","EUR"
"P-0330","LG Monitors 537","IT","Monitors","szt.","49","13","1069.74","PLN"
"P-0331","Dell Monitors Model 171","IT","Monitors","szt.","49","4","1818.6","EUR"
"P-0332","Xerox Toner 389","Office","Toner","szt.","65","8","255.26","PLN"
"P-0333","Siemens Sensors 799","Production","Sensors","szt.","101","5","472.56","EUR"
"P-0334","Petzl Helmets Model 772","BHP","Helmets","szt.","70","9","325.67","EUR"
"P-0335","Helly Hansen Workwear Model 939","BHP","Workwear","szt.","74","2","140.76","PLN"
"P-0336","REX Screws 294","Production","Screws","szt.","131","5","0.23","EUR"
"P-0337","Gates Engine parts Model 645","Automotive","Engine parts","szt.","44","1","2208.69","PLN"
"P-0338","Dell Monitors Model 106","IT","Monitors","szt.","50","9","2417.44","PLN"
"P-0339","ABB Motors 501","Production","Motors","szt.","132","6","5729.66","PLN"
"P-0340","HP Toner Model 839","Office","Toner","szt.","18","8","683.14","PLN"
"P-0341","Profim Office chairs Model 501","Office","Office chairs","szt.","43","8","2262.86","EUR"
"P-0342","Bosch Filters 532","Automotive","Filters","szt.","34","5","295.01","PLN"
"P-0343","3M Helmets 439","BHP","Helmets","szt.","17","6","360.99","EUR"
"P-0344","Mahle Filters Model 459","Automotive","Filters","szt.","99","5","175.45","PLN"
"P-0345","Dell Monitors Model 325","IT","Monitors","szt.","84","6","3504.28","PLN"
"P-0346","Bosch Filters Model 779","Automotive","Filters","szt.","56","3","43.06","EUR"
"P-0347","Pepperl+Fuchs Sensors Model 474","Production","Sensors","szt.","80","6","448.62","PLN"
"P-0348","Helly Hansen Workwear Model 871","BHP","Workwear","szt.","63","3","402.3","EUR"
"P-0349","Xerox Paper Model 308","Office","Paper","op.","1","8","53.73","PLN"
"P-0350","Pepperl+Fuchs Sensors 215","Production","Sensors","szt.","88","4","74.73","PLN"
