Product_ID,Product_Name,Product_Description,Category,Subcategory,Unit,Min_Stock_Level,Average_Lead_Time_Days,Unit_Cost,Currency
P-0001,Monitor Lenovo Professional Series,Uniwersalne rozwiązanie wspierające bieżące procesy operacyjne w przedsiębiorstwie. Kluczowe cechy: wysoka jakość wykonania. Standard: Zgodność z normami UE.,IT,Monitory,szt.,5,7,7603.37,PLN
P-0002,Meble Brother Professional Series,Uniwersalne rozwiązanie wspierające bieżące procesy operacyjne w przedsiębiorstwie. Kluczowe cechy: trwałość materiałowa. Standard: Zgodność z normami UE.,Office,Meble,szt.,7,5,1061.32,PLN
P-0003,Kaski Honeywell Professional Series,Uniwersalne rozwiązanie wspierające bieżące procesy operacyjne w przedsiębiorstwie. Kluczowe cechy: wysoka jakość wykonania. Standard: Zgodność z normami UE.,BHP,Kaski,szt.,5,3,1484.48,PLN
P-0004,Rękawice Uvex Professional Series,Uniwersalne rozwiązanie wspierające bieżące procesy operacyjne w przedsiębiorstwie. Kluczowe cechy: trwałość materiałowa. Standard: Zgodność z normami UE.,BHP,Rękawice,szt.,9,5,35.95,PLN
P-0005,Rękawice Uvex Professional Series,Uniwersalne rozwiązanie wspierające bieżące procesy operacyjne w przedsiębiorstwie. Kluczowe cechy: ergonomiczny kształt. Standard: Zgodność z normami UE.,BHP,Rękawice,szt.,8,7,65.71,PLN
P-0006,Meble Nowy Styl Professional Series,Uniwersalne rozwiązanie wspierające bieżące procesy operacyjne w przedsiębiorstwie. Kluczowe cechy: ergonomiczny kształt. Standard: Zgodność z normami UE.,Office,Meble,szt.,14,3,1295.01,PLN
P-0007,Czujniki Bosch Professional Series,Idealny do precyzyjnej detekcji obiektów w szybkich liniach pakujących i montażowych. Kluczowe cechy: złącze M12 4-pin. Standard: Stopień ochrony IP67.,Production,Czujniki,szt.,9,3,955.77,PLN
P-0008,Rękawice 3M Professional Series,Uniwersalne rozwiązanie wspierające bieżące procesy operacyjne w przedsiębiorstwie. Kluczowe cechy: ergonomiczny kształt. Standard: Zgodność z normami UE.,BHP,Rękawice,szt.,15,8,1414.63,PLN
P-0009,Drukarki HP Professional Series,Uniwersalne rozwiązanie wspierające bieżące procesy operacyjne w przedsiębiorstwie. Kluczowe cechy: trwałość materiałowa. Standard: Zgodność z normami UE.,IT,Drukarki,szt.,11,5,2375.43,PLN
P-0010,Papier Navigator Professional Series,Zapewnia doskonały kontrast i ostrość wydruku w wysokonakładowych systemach laserowych. Kluczowe cechy: wysoki stopień białości CIE 160. Standard: Certyfikat FSC.,Office,Papier,szt.,6,2,1498.26,PLN
P-0011,Toners Xerox Professional Series,Uniwersalne rozwiązanie wspierające bieżące procesy operacyjne w przedsiębiorstwie. Kluczowe cechy: trwałość materiałowa. Standard: Zgodność z normami UE.,Office,Toners,szt.,14,3,690.55,PLN
P-0012,Drukarki Lenovo Professional Series,Uniwersalne rozwiązanie wspierające bieżące procesy operacyjne w przedsiębiorstwie. Kluczowe cechy: trwałość materiałowa. Standard: Zgodność z normami UE.,IT,Drukarki,szt.,10,5,4452.24,PLN
P-0013,Okulary ochronne Ansell Professional Series,Uniwersalne rozwiązanie wspierające bieżące procesy operacyjne w przedsiębiorstwie. Kluczowe cechy: ergonomiczny kształt. Standard: Zgodność z normami UE.,BHP,Okulary ochronne,szt.,8,7,1343.87,PLN
P-0014,Meble Nowy Styl Professional Series,Uniwersalne rozwiązanie wspierające bieżące procesy operacyjne w przedsiębiorstwie. Kluczowe cechy: wysoka jakość wykonania. Standard: Zgodność z normami UE.,Office,Meble,szt.,7,6,568.63,PLN
P-0015,Artykuły biurowe Nowy Styl Professional Series,Uniwersalne rozwiązanie wspierające bieżące procesy operacyjne w przedsiębiorstwie. Kluczowe cechy: ergonomiczny kształt. Standard: Zgodność z normami UE.,Office,Artykuły biurowe,szt.,15,4,1082.38,PLN
P-0016,Silnik SICK 5kW AC,Przeznaczony do pracy ciągłej S1 w układach napędowych i wentylacyjnych. Kluczowe cechy: stopień ochrony IP55. Standard: Certyfikat CE.,Production,Silniki,szt.,5,5,1289.52,PLN
P-0017,Laptop Lenovo Latitude i7/32GB,Zoptymalizowany pod kątem wielozadaniowości i bezpiecznej pracy w środowisku korporacyjnym. Kluczowe cechy: matryca IPS z powłoką antyrefleksyjną. Standard: Energy Star.,IT,Laptopy,szt.,10,8,2009.58,PLN
P-0018,Odzież robocza Honeywell Professional Series,Uniwersalne rozwiązanie wspierające bieżące procesy operacyjne w przedsiębiorstwie. Kluczowe cechy: wysoka jakość wykonania. Standard: Zgodność z normami UE.,BHP,Odzież robocza,szt.,13,8,1035.27,PLN
P-0019,Narzędzia SKF Professional Series,Uniwersalne rozwiązanie wspierające bieżące procesy operacyjne w przedsiębiorstwie. Kluczowe cechy: trwałość materiałowa. Standard: Zgodność z normami UE.,Production,Narzędzia,szt.,10,6,444.2,PLN
P-0020,Laptop HP Latitude i7/32GB,Zoptymalizowany pod kątem wielozadaniowości i bezpiecznej pracy w środowisku korporacyjnym. Kluczowe cechy: moduł TPM 2.0. Standard: MIL-STD 810H.,IT,Laptopy,szt.,8,7,8315.78,PLN
P-0021,Narzędzia SKF Professional Series,Uniwersalne rozwiązanie wspierające bieżące procesy operacyjne w przedsiębiorstwie. Kluczowe cechy: wysoka jakość wykonania. Standard: Zgodność z normami UE.,Production,Narzędzia,szt.,8,3,1338.46,PLN
P-0022,Czujniki SICK Professional Series,Idealny do precyzyjnej detekcji obiektów w szybkich liniach pakujących i montażowych. Kluczowe cechy: wyjście PNP/NPN. Standard: Stopień ochrony IP67.,Production,Czujniki,szt.,6,8,1238.21,PLN
P-0023,Odzież robocza Uvex Professional Series,Uniwersalne rozwiązanie wspierające bieżące procesy operacyjne w przedsiębiorstwie. Kluczowe cechy: trwałość materiałowa. Standard: Zgodność z normami UE.,BHP,Odzież robocza,szt.,13,7,1277.7,PLN
P-0024,Laptop Samsung Latitude i7/32GB,Zoptymalizowany pod kątem wielozadaniowości i bezpiecznej pracy w środowisku korporacyjnym. Kluczowe cechy: podświetlana klawiatura odporna na zachlapanie. Standard: MIL-STD 810H.,IT,Laptopy,szt.,14,5,2190.45,PLN
P-0025,Artykuły biurowe Nowy Styl Professional Series,Uniwersalne rozwiązanie wspierające bieżące procesy operacyjne w przedsiębiorstwie. Kluczowe cechy: trwałość materiałowa. Standard: Zgodność z normami UE.,Office,Artykuły biurowe,szt.,10,2,1484.22,PLN
P-0026,Laptop Samsung ThinkPad i5/16GB,Zoptymalizowany pod kątem wielozadaniowości i bezpiecznej pracy w środowisku korporacyjnym. Kluczowe cechy: złącze Thunderbolt 4. Standard: MIL-STD 810H.,IT,Laptopy,szt.,12,6,2789.1,PLN
P-0027,Laptop Lenovo ThinkPad i5/16GB,Zoptymalizowany pod kątem wielozadaniowości i bezpiecznej pracy w środowisku korporacyjnym. Kluczowe cechy: złącze Thunderbolt 4. Standard: Energy Star.,IT,Laptopy,szt.,10,4,8632.97,PLN
P-0028,Laptop Dell Latitude i5/16GB,Zoptymalizowany pod kątem wielozadaniowości i bezpiecznej pracy w środowisku korporacyjnym. Kluczowe cechy: podświetlana klawiatura odporna na zachlapanie. Standard: MIL-STD 810H.,IT,Laptopy,szt.,7,3,8339.25,PLN
P-0029,Papier Brother Professional Series,Zapewnia doskonały kontrast i ostrość wydruku w wysokonakładowych systemach laserowych. Kluczowe cechy: technologia ColorLok. Standard: Certyfikat FSC.,Office,Papier,szt.,8,7,1094.43,PLN
P-0030,Meble Brother Professional Series,Uniwersalne rozwiązanie wspierające bieżące procesy operacyjne w przedsiębiorstwie. Kluczowe cechy: trwałość materiałowa. Standard: Zgodność z normami UE.,Office,Meble,szt.,6,5,90.14,PLN
P-0031,Drukarki HP Professional Series,Uniwersalne rozwiązanie wspierające bieżące procesy operacyjne w przedsiębiorstwie. Kluczowe cechy: wysoka jakość wykonania. Standard: Zgodność z normami UE.,IT,Drukarki,szt.,7,4,7796.97,PLN
P-0032,Meble Navigator Professional Series,Uniwersalne rozwiązanie wspierające bieżące procesy operacyjne w przedsiębiorstwie. Kluczowe cechy: ergonomiczny kształt. Standard: Zgodność z normami UE.,Office,Meble,szt.,9,4,750.73,PLN
P-0033,Papier Brother Professional Series,Zapewnia doskonały kontrast i ostrość wydruku w wysokonakładowych systemach laserowych. Kluczowe cechy: minimalne pylenie. Standard: ISO 9706.,Office,Papier,szt.,6,7,322.6,PLN
P-0034,Narzędzia Bosch Professional Series,Uniwersalne rozwiązanie wspierające bieżące procesy operacyjne w przedsiębiorstwie. Kluczowe cechy: ergonomiczny kształt. Standard: Zgodność z normami UE.,Production,Narzędzia,szt.,13,2,921.81,PLN
P-0035,Papier Xerox Professional Series,Zapewnia doskonały kontrast i ostrość wydruku w wysokonakładowych systemach laserowych. Kluczowe cechy: technologia ColorLok. Standard: ISO 9706.,Office,Papier,szt.,14,4,97.75,PLN
P-0036,Meble Navigator Professional Series,Uniwersalne rozwiązanie wspierające bieżące procesy operacyjne w przedsiębiorstwie. Kluczowe cechy: trwałość materiałowa. Standard: Zgodność z normami UE.,Office,Meble,szt.,7,2,677.66,PLN
P-0037,Narzędzia Bosch Professional Series,Uniwersalne rozwiązanie wspierające bieżące procesy operacyjne w przedsiębiorstwie. Kluczowe cechy: ergonomiczny kształt. Standard: Zgodność z normami UE.,Production,Narzędzia,szt.,5,2,52.56,PLN
P-0038,Narzędzia ABB Professional Series,Uniwersalne rozwiązanie wspierające bieżące procesy operacyjne w przedsiębiorstwie. Kluczowe cechy: ergonomiczny kształt. Standard: Zgodność z normami UE.,Production,Narzędzia,szt.,15,7,1043.93,PLN
P-0039,Oprogramowanie Samsung Professional Series,Uniwersalne rozwiązanie wspierające bieżące procesy operacyjne w przedsiębiorstwie. Kluczowe cechy: ergonomiczny kształt. Standard: Zgodność z normami UE.,IT,Oprogramowanie,szt.,7,8,2088.53,PLN
P-0040,Silnik SICK 4kW AC,Przeznaczony do pracy ciągłej S1 w układach napędowych i wentylacyjnych. Kluczowe cechy: stopień ochrony IP55. Standard: Certyfikat CE.,Production,Silniki,szt.,8,8,656.99,PLN
P-0041,Artykuły biurowe Xerox Professional Series,Uniwersalne rozwiązanie wspierające bieżące procesy operacyjne w przedsiębiorstwie. Kluczowe cechy: ergonomiczny kształt. Standard: Zgodność z normami UE.,Office,Artykuły biurowe,szt.,10,2,1060.74,PLN
P-0042,Monitor Samsung Professional Series,Uniwersalne rozwiązanie wspierające bieżące procesy operacyjne w przedsiębiorstwie. Kluczowe cechy: ergonomiczny kształt. Standard: Zgodność z normami UE.,IT,Monitory,szt.,7,2,7589.77,PLN
P-0043,Czujniki Siemens Professional Series,Idealny do precyzyjnej detekcji obiektów w szybkich liniach pakujących i montażowych. Kluczowe cechy: złącze M12 4-pin. Standard: Certyfikat UL.,Production,Czujniki,szt.,8,5,328.04,PLN
P-0044,Toners Xerox Professional Series,Uniwersalne rozwiązanie wspierające bieżące procesy operacyjne w przedsiębiorstwie. Kluczowe cechy: wysoka jakość wykonania. Standard: Zgodność z normami UE.,Office,Toners,szt.,10,4,380.86,PLN
P-0045,Okulary ochronne Honeywell Professional Series,Uniwersalne rozwiązanie wspierające bieżące procesy operacyjne w przedsiębiorstwie. Kluczowe cechy: trwałość materiałowa. Standard: Zgodność z normami UE.,BHP,Okulary ochronne,szt.,8,7,855.34,PLN
P-0046,Narzędzia ABB Professional Series,Uniwersalne rozwiązanie wspierające bieżące procesy operacyjne w przedsiębiorstwie. Kluczowe cechy: trwałość materiałowa. Standard: Zgodność z normami UE.,Production,Narzędzia,szt.,6,2,1129.93,PLN
P-0047,Silnik SICK 1kW DC,Przeznaczony do pracy ciągłej S1 w układach napędowych i wentylacyjnych. Kluczowe cechy: wysoka sprawność IE3. Standard: Zgodność z normą IEC 60034.,Production,Silniki,szt.,7,2,526.69,PLN
P-0048,Papier Nowy Styl Professional Series,Zapewnia doskonały kontrast i ostrość wydruku w wysokonakładowych systemach laserowych. Kluczowe cechy: bezkwasowy skład. Standard: ISO 9706.,Office,Papier,szt.,14,5,652.15,PLN
P-0049,Monitor Samsung Professional Series,Uniwersalne rozwiązanie wspierające bieżące procesy operacyjne w przedsiębiorstwie. Kluczowe cechy: ergonomiczny kształt. Standard: Zgodność z normami UE.,IT,Monitory,szt.,14,5,4452.94,PLN
P-0050,Monitor Lenovo Professional Series,Uniwersalne rozwiązanie wspierające bieżące procesy operacyjne w przedsiębiorstwie. Kluczowe cechy: trwałość materiałowa. Standard: Zgodność z normami UE.,IT,Monitory,szt.,10,3,4836.43,PLN
P-0051,Oprogramowanie Lenovo Professional Series,Uniwersalne rozwiązanie wspierające bieżące procesy operacyjne w przedsiębiorstwie. Kluczowe cechy: wysoka jakość wykonania. Standard: Zgodność z normami UE.,IT,Oprogramowanie,szt.,6,6,7053.88,PLN
P-0052,Artykuły biurowe Brother Professional Series,Uniwersalne rozwiązanie wspierające bieżące procesy operacyjne w przedsiębiorstwie. Kluczowe cechy: trwałość materiałowa. Standard: Zgodność z normami UE.,Office,Artykuły biurowe,szt.,15,5,1259.47,PLN
P-0053,Toners Brother Professional Series,Uniwersalne rozwiązanie wspierające bieżące procesy operacyjne w przedsiębiorstwie. Kluczowe cechy: trwałość materiałowa. Standard: Zgodność z normami UE.,Office,Toners,szt.,14,2,160.15,PLN
P-0054,Okulary ochronne Ansell Professional Series,Uniwersalne rozwiązanie wspierające bieżące procesy operacyjne w przedsiębiorstwie. Kluczowe cechy: ergonomiczny kształt. Standard: Zgodność z normami UE.,BHP,Okulary ochronne,szt.,8,3,106.56,PLN
P-0055,Monitor HP Professional Series,Uniwersalne rozwiązanie wspierające bieżące procesy operacyjne w przedsiębiorstwie. Kluczowe cechy: trwałość materiałowa. Standard: Zgodność z normami UE.,IT,Monitory,szt.,8,5,8637.07,PLN
P-0056,Toners Xerox Professional Series,Uniwersalne rozwiązanie wspierające bieżące procesy operacyjne w przedsiębiorstwie. Kluczowe cechy: trwałość materiałowa. Standard: Zgodność z normami UE.,Office,Toners,szt.,7,7,1119.83,PLN
P-0057,Toners Navigator Professional Series,Uniwersalne rozwiązanie wspierające bieżące procesy operacyjne w przedsiębiorstwie. Kluczowe cechy: wysoka jakość wykonania. Standard: Zgodność z normami UE.,Office,Toners,szt.,10,6,724.2,PLN
P-0058,Laptop Dell ThinkPad i5/16GB,Zoptymalizowany pod kątem wielozadaniowości i bezpiecznej pracy w środowisku korporacyjnym. Kluczowe cechy: podświetlana klawiatura odporna na zachlapanie. Standard: TCO Certified.,IT,Laptopy,szt.,6,8,6487.22,PLN
P-0059,Papier Nowy Styl Professional Series,Zapewnia doskonały kontrast i ostrość wydruku w wysokonakładowych systemach laserowych. Kluczowe cechy: minimalne pylenie. Standard: Certyfikat FSC.,Office,Papier,szt.,5,2,72.61,PLN
P-0060,Toners Xerox Professional Series,Uniwersalne rozwiązanie wspierające bieżące procesy operacyjne w przedsiębiorstwie. Kluczowe cechy: wysoka jakość wykonania. Standard: Zgodność z normami UE.,Office,Toners,szt.,6,5,116.72,PLN
P-0061,Narzędzia Siemens Professional Series,Uniwersalne rozwiązanie wspierające bieżące procesy operacyjne w przedsiębiorstwie. Kluczowe cechy: trwałość materiałowa. Standard: Zgodność z normami UE.,Production,Narzędzia,szt.,14,8,351.2,PLN
P-0062,Okulary ochronne Honeywell Professional Series,Uniwersalne rozwiązanie wspierające bieżące procesy operacyjne w przedsiębiorstwie. Kluczowe cechy: trwałość materiałowa. Standard: Zgodność z normami UE.,BHP,Okulary ochronne,szt.,6,7,892.55,PLN
P-0063,Artykuły biurowe Navigator Professional Series,Uniwersalne rozwiązanie wspierające bieżące procesy operacyjne w przedsiębiorstwie. Kluczowe cechy: ergonomiczny kształt. Standard: Zgodność z normami UE.,Office,Artykuły biurowe,szt.,14,2,1286.69,PLN
P-0064,Artykuły biurowe Xerox Professional Series,Uniwersalne rozwiązanie wspierające bieżące procesy operacyjne w przedsiębiorstwie. Kluczowe cechy: trwałość materiałowa. Standard: Zgodność z normami UE.,Office,Artykuły biurowe,szt.,11,5,166.83,PLN
P-0065,Monitor Samsung Professional Series,Uniwersalne rozwiązanie wspierające bieżące procesy operacyjne w przedsiębiorstwie. Kluczowe cechy: wysoka jakość wykonania. Standard: Zgodność z normami UE.,IT,Monitory,szt.,13,6,7663.52,PLN
P-0066,Czujniki SICK Professional Series,Idealny do precyzyjnej detekcji obiektów w szybkich liniach pakujących i montażowych. Kluczowe cechy: odporność na zakłócenia EMC. Standard: Stopień ochrony IP67.,Production,Czujniki,szt.,11,2,1357.47,PLN
P-0067,Artykuły biurowe Brother Professional Series,Uniwersalne rozwiązanie wspierające bieżące procesy operacyjne w przedsiębiorstwie. Kluczowe cechy: wysoka jakość wykonania. Standard: Zgodność z normami UE.,Office,Artykuły biurowe,szt.,14,6,175.48,PLN
P-0068,Silnik Bosch 1kW DC,Przeznaczony do pracy ciągłej S1 w układach napędowych i wentylacyjnych. Kluczowe cechy: stopień ochrony IP55. Standard: Certyfikat CE.,Production,Silniki,szt.,15,5,1232.29,PLN
P-0069,Oprogramowanie Samsung Professional Series,Uniwersalne rozwiązanie wspierające bieżące procesy operacyjne w przedsiębiorstwie. Kluczowe cechy: trwałość materiałowa. Standard: Zgodność z normami UE.,IT,Oprogramowanie,szt.,6,6,4141.18,PLN
P-0070,Artykuły biurowe Nowy Styl Professional Series,Uniwersalne rozwiązanie wspierające bieżące procesy operacyjne w przedsiębiorstwie. Kluczowe cechy: ergonomiczny kształt. Standard: Zgodność z normami UE.,Office,Artykuły biurowe,szt.,6,8,827.5,PLN
P-0071,Artykuły biurowe Brother Professional Series,Uniwersalne rozwiązanie wspierające bieżące procesy operacyjne w przedsiębiorstwie. Kluczowe cechy: ergonomiczny kształt. Standard: Zgodność z normami UE.,Office,Artykuły biurowe,szt.,14,5,628.81,PLN
P-0072,Okulary ochronne 3M Professional Series,Uniwersalne rozwiązanie wspierające bieżące procesy operacyjne w przedsiębiorstwie. Kluczowe cechy: wysoka jakość wykonania. Standard: Zgodność z normami UE.,BHP,Okulary ochronne,szt.,8,2,517.08,PLN
P-0073,Laptop Samsung ThinkPad i7/32GB,Zoptymalizowany pod kątem wielozadaniowości i bezpiecznej pracy w środowisku korporacyjnym. Kluczowe cechy: matryca IPS z powłoką antyrefleksyjną. Standard: MIL-STD 810H.,IT,Laptopy,szt.,11,7,1544.62,PLN
P-0074,Artykuły biurowe Nowy Styl Professional Series,Uniwersalne rozwiązanie wspierające bieżące procesy operacyjne w przedsiębiorstwie. Kluczowe cechy: ergonomiczny kształt. Standard: Zgodność z normami UE.,Office,Artykuły biurowe,szt.,9,5,426.98,PLN
P-0075,Oprogramowanie Samsung Professional Series,Uniwersalne rozwiązanie wspierające bieżące procesy operacyjne w przedsiębiorstwie. Kluczowe cechy: ergonomiczny kształt. Standard: Zgodność z normami UE.,IT,Oprogramowanie,szt.,10,5,1328.72,PLN
P-0076,Oprogramowanie Dell Professional Series,Uniwersalne rozwiązanie wspierające bieżące procesy operacyjne w przedsiębiorstwie. Kluczowe cechy: ergonomiczny kształt. Standard: Zgodność z normami UE.,IT,Oprogramowanie,szt.,7,3,7660.17,PLN
P-0077,Silnik SICK 2kW AC,Przeznaczony do pracy ciągłej S1 w układach napędowych i wentylacyjnych. Kluczowe cechy: łożyska o wydłużonej żywotności. Standard: Certyfikat CE.,Production,Silniki,szt.,6,3,254.78,PLN
P-0078,Narzędzia SKF Professional Series,Uniwersalne rozwiązanie wspierające bieżące procesy operacyjne w przedsiębiorstwie. Kluczowe cechy: ergonomiczny kształt. Standard: Zgodność z normami UE.,Production,Narzędzia,szt.,15,6,574.24,PLN
P-0079,Papier Brother Professional Series,Zapewnia doskonały kontrast i ostrość wydruku w wysokonakładowych systemach laserowych. Kluczowe cechy: bezkwasowy skład. Standard: ISO 9706.,Office,Papier,szt.,14,7,290.65,PLN
P-0080,Papier Navigator Professional Series,Zapewnia doskonały kontrast i ostrość wydruku w wysokonakładowych systemach laserowych. Kluczowe cechy: bezkwasowy skład. Standard: Certyfikat FSC.,Office,Papier,szt.,14,2,447.03,PLN
P-0081,Laptop Lenovo ThinkPad i7/32GB,Zoptymalizowany pod kątem wielozadaniowości i bezpiecznej pracy w środowisku korporacyjnym. Kluczowe cechy: złącze Thunderbolt 4. Standard: TCO Certified.,IT,Laptopy,szt.,11,4,6984.16,PLN
P-0082,Silnik Siemens 7kW AC,Przeznaczony do pracy ciągłej S1 w układach napędowych i wentylacyjnych. Kluczowe cechy: izolacja klasy F. Standard: Certyfikat CE.,Production,Silniki,szt.,10,2,895.41,PLN
P-0083,Drukarki HP Professional Series,Uniwersalne rozwiązanie wspierające bieżące procesy operacyjne w przedsiębiorstwie. Kluczowe cechy: wysoka jakość wykonania. Standard: Zgodność z normami UE.,IT,Drukarki,szt.,9,2,806.24,PLN
P-0084,Oprogramowanie Dell Professional Series,Uniwersalne rozwiązanie wspierające bieżące procesy operacyjne w przedsiębiorstwie. Kluczowe cechy: wysoka jakość wykonania. Standard: Zgodność z normami UE.,IT,Oprogramowanie,szt.,15,4,1195.31,PLN
P-0085,Oprogramowanie Samsung Professional Series,Uniwersalne rozwiązanie wspierające bieżące procesy operacyjne w przedsiębiorstwie. Kluczowe cechy: trwałość materiałowa. Standard: Zgodność z normami UE.,IT,Oprogramowanie,szt.,10,6,7468.5,PLN
P-0086,Oprogramowanie HP Professional Series,Uniwersalne rozwiązanie wspierające bieżące procesy operacyjne w przedsiębiorstwie. Kluczowe cechy: ergonomiczny kształt. Standard: Zgodność z normami UE.,IT,Oprogramowanie,szt.,5,5,4422.18,PLN
P-0087,Narzędzia SKF Professional Series,Uniwersalne rozwiązanie wspierające bieżące procesy operacyjne w przedsiębiorstwie. Kluczowe cechy: trwałość materiałowa. Standard: Zgodność z normami UE.,Production,Narzędzia,szt.,5,4,278.5,PLN
P-0088,Silnik SICK 2kW AC,Przeznaczony do pracy ciągłej S1 w układach napędowych i wentylacyjnych. Kluczowe cechy: łożyska o wydłużonej żywotności. Standard: Certyfikat CE.,Production,Silniki,szt.,7,8,1302.1,PLN
P-0089,Odzież robocza Ansell Professional Series,Uniwersalne rozwiązanie wspierające bieżące procesy operacyjne w przedsiębiorstwie. Kluczowe cechy: trwałość materiałowa. Standard: Zgodność z normami UE.,BHP,Odzież robocza,szt.,15,3,949.02,PLN
P-0090,Kaski Honeywell Professional Series,Uniwersalne rozwiązanie wspierające bieżące procesy operacyjne w przedsiębiorstwie. Kluczowe cechy: ergonomiczny kształt. Standard: Zgodność z normami UE.,BHP,Kaski,szt.,11,3,945.33,PLN
P-0091,Oprogramowanie HP Professional Series,Uniwersalne rozwiązanie wspierające bieżące procesy operacyjne w przedsiębiorstwie. Kluczowe cechy: wysoka jakość wykonania. Standard: Zgodność z normami UE.,IT,Oprogramowanie,szt.,8,5,3280.84,PLN
P-0092,Silnik Siemens 4kW DC,Przeznaczony do pracy ciągłej S1 w układach napędowych i wentylacyjnych. Kluczowe cechy: wysoka sprawność IE3. Standard: Certyfikat CE.,Production,Silniki,szt.,8,6,1253.55,PLN
P-0093,Czujniki SKF Professional Series,Idealny do precyzyjnej detekcji obiektów w szybkich liniach pakujących i montażowych. Kluczowe cechy: złącze M12 4-pin. Standard: Certyfikat UL.,Production,Czujniki,szt.,15,2,1146.71,PLN
P-0094,Czujniki ABB Professional Series,Idealny do precyzyjnej detekcji obiektów w szybkich liniach pakujących i montażowych. Kluczowe cechy: złącze M12 4-pin. Standard: Certyfikat UL.,Production,Czujniki,szt.,8,4,1010.87,PLN
P-0095,Artykuły biurowe Navigator Professional Series,Uniwersalne rozwiązanie wspierające bieżące procesy operacyjne w przedsiębiorstwie. Kluczowe cechy: wysoka jakość wykonania. Standard: Zgodność z normami UE.,Office,Artykuły biurowe,szt.,6,8,801.96,PLN
P-0096,Czujniki SICK Professional Series,Idealny do precyzyjnej detekcji obiektów w szybkich liniach pakujących i montażowych. Kluczowe cechy: złącze M12 4-pin. Standard: Certyfikat UL.,Production,Czujniki,szt.,5,3,1273.63,PLN
P-0097,Okulary ochronne Ansell Professional Series,Uniwersalne rozwiązanie wspierające bieżące procesy operacyjne w przedsiębiorstwie. Kluczowe cechy: trwałość materiałowa. Standard: Zgodność z normami UE.,BHP,Okulary ochronne,szt.,12,6,1319.72,PLN
P-0098,Silnik SKF 10kW DC,Przeznaczony do pracy ciągłej S1 w układach napędowych i wentylacyjnych. Kluczowe cechy: łożyska o wydłużonej żywotności. Standard: Zgodność z normą IEC 60034.,Production,Silniki,szt.,6,4,349.15,PLN
P-0099,Toners Brother Professional Series,Uniwersalne rozwiązanie wspierające bieżące procesy operacyjne w przedsiębiorstwie. Kluczowe cechy: wysoka jakość wykonania. Standard: Zgodność z normami UE.,Office,Toners,szt.,5,8,489.71,PLN
P-0100,Oprogramowanie Lenovo Professional Series,Uniwersalne rozwiązanie wspierające bieżące procesy operacyjne w przedsiębiorstwie. Kluczowe cechy: ergonomiczny kształt. Standard: Zgodność z normami UE.,IT,Oprogramowanie,szt.,11,5,8843.2,PLN
P-0101,Toners Xerox Professional Series,Uniwersalne rozwiązanie wspierające bieżące procesy operacyjne w przedsiębiorstwie. Kluczowe cechy: trwałość materiałowa. Standard: Zgodność z normami UE.,Office,Toners,szt.,8,5,106.39,PLN
P-0102,Papier Xerox Professional Series,Zapewnia doskonały kontrast i ostrość wydruku w wysokonakładowych systemach laserowych. Kluczowe cechy: bezkwasowy skład. Standard: Certyfikat FSC.,Office,Papier,szt.,13,8,289.25,PLN
P-0103,Toners Navigator Professional Series,Uniwersalne rozwiązanie wspierające bieżące procesy operacyjne w przedsiębiorstwie. Kluczowe cechy: ergonomiczny kształt. Standard: Zgodność z normami UE.,Office,Toners,szt.,9,5,683.32,PLN
P-0104,Silnik SICK 1kW DC,Przeznaczony do pracy ciągłej S1 w układach napędowych i wentylacyjnych. Kluczowe cechy: stopień ochrony IP55. Standard: Certyfikat CE.,Production,Silniki,szt.,11,3,938.92,PLN
P-0105,Oprogramowanie Dell Professional Series,Uniwersalne rozwiązanie wspierające bieżące procesy operacyjne w przedsiębiorstwie. Kluczowe cechy: trwałość materiałowa. Standard: Zgodność z normami UE.,IT,Oprogramowanie,szt.,8,5,8917.04,PLN
P-0106,Kaski 3M Professional Series,Uniwersalne rozwiązanie wspierające bieżące procesy operacyjne w przedsiębiorstwie. Kluczowe cechy: wysoka jakość wykonania. Standard: Zgodność z normami UE.,BHP,Kaski,szt.,13,7,1291.81,PLN
P-0107,Artykuły biurowe Navigator Professional Series,Uniwersalne rozwiązanie wspierające bieżące procesy operacyjne w przedsiębiorstwie. Kluczowe cechy: ergonomiczny kształt. Standard: Zgodność z normami UE.,Office,Artykuły biurowe,szt.,9,3,772.07,PLN
P-0108,Oprogramowanie Lenovo Professional Series,Uniwersalne rozwiązanie wspierające bieżące procesy operacyjne w przedsiębiorstwie. Kluczowe cechy: trwałość materiałowa. Standard: Zgodność z normami UE.,IT,Oprogramowanie,szt.,13,6,1715.36,PLN
P-0109,Monitor Samsung Professional Series,Uniwersalne rozwiązanie wspierające bieżące procesy operacyjne w przedsiębiorstwie. Kluczowe cechy: ergonomiczny kształt. Standard: Zgodność z normami UE.,IT,Monitory,szt.,6,7,2804.04,PLN
P-0110,Czujniki ABB Professional Series,Idealny do precyzyjnej detekcji obiektów w szybkich liniach pakujących i montażowych. Kluczowe cechy: wyjście PNP/NPN. Standard: Stopień ochrony IP67.,Production,Czujniki,szt.,7,7,380.76,PLN
P-0111,Drukarki HP Professional Series,Uniwersalne rozwiązanie wspierające bieżące procesy operacyjne w przedsiębiorstwie. Kluczowe cechy: trwałość materiałowa. Standard: Zgodność z normami UE.,IT,Drukarki,szt.,13,2,5673.78,PLN
P-0112,Narzędzia SKF Professional Series,Uniwersalne rozwiązanie wspierające bieżące procesy operacyjne w przedsiębiorstwie. Kluczowe cechy: ergonomiczny kształt. Standard: Zgodność z normami UE.,Production,Narzędzia,szt.,6,3,1010.92,PLN
P-0113,Monitor Samsung Professional Series,Uniwersalne rozwiązanie wspierające bieżące procesy operacyjne w przedsiębiorstwie. Kluczowe cechy: ergonomiczny kształt. Standard: Zgodność z normami UE.,IT,Monitory,szt.,7,8,8597.96,PLN
P-0114,Kaski Honeywell Professional Series,Uniwersalne rozwiązanie wspierające bieżące procesy operacyjne w przedsiębiorstwie. Kluczowe cechy: trwałość materiałowa. Standard: Zgodność z normami UE.,BHP,Kaski,szt.,14,8,1016.79,PLN
P-0115,Toners Xerox Professional Series,Uniwersalne rozwiązanie wspierające bieżące procesy operacyjne w przedsiębiorstwie. Kluczowe cechy: ergonomiczny kształt. Standard: Zgodność z normami UE.,Office,Toners,szt.,5,2,584.07,PLN
P-0116,Czujniki Siemens Professional Series,Idealny do precyzyjnej detekcji obiektów w szybkich liniach pakujących i montażowych. Kluczowe cechy: wyjście PNP/NPN. Standard: Stopień ochrony IP67.,Production,Czujniki,szt.,11,8,594.61,PLN
P-0117,Meble Nowy Styl Professional Series,Uniwersalne rozwiązanie wspierające bieżące procesy operacyjne w przedsiębiorstwie. Kluczowe cechy: wysoka jakość wykonania. Standard: Zgodność z normami UE.,Office,Meble,szt.,15,8,1036.51,PLN
P-0118,Okulary ochronne Ansell Professional Series,Uniwersalne rozwiązanie wspierające bieżące procesy operacyjne w przedsiębiorstwie. Kluczowe cechy: ergonomiczny kształt. Standard: Zgodność z normami UE.,BHP,Okulary ochronne,szt.,8,4,65.78,PLN
P-0119,Toners Navigator Professional Series,Uniwersalne rozwiązanie wspierające bieżące procesy operacyjne w przedsiębiorstwie. Kluczowe cechy: ergonomiczny kształt. Standard: Zgodność z normami UE.,Office,Toners,szt.,7,3,756.85,PLN
P-0120,Toners Brother Professional Series,Uniwersalne rozwiązanie wspierające bieżące procesy operacyjne w przedsiębiorstwie. Kluczowe cechy: ergonomiczny kształt. Standard: Zgodność z normami UE.,Office,Toners,szt.,15,6,906.99,PLN
P-0121,Czujniki SKF Professional Series,Idealny do precyzyjnej detekcji obiektów w szybkich liniach pakujących i montażowych. Kluczowe cechy: częstotliwość przełączania do 2kHz. Standard: Certyfikat UL.,Production,Czujniki,szt.,12,5,445.87,PLN
P-0122,Czujniki SKF Professional Series,Idealny do precyzyjnej detekcji obiektów w szybkich liniach pakujących i montażowych. Kluczowe cechy: wyjście PNP/NPN. Standard: Stopień ochrony IP67.,Production,Czujniki,szt.,11,7,1143.44,PLN
P-0123,Papier Xerox Professional Series,Zapewnia doskonały kontrast i ostrość wydruku w wysokonakładowych systemach laserowych. Kluczowe cechy: bezkwasowy skład. Standard: ISO 9706.,Office,Papier,szt.,8,5,1315.19,PLN
P-0124,Papier Xerox Professional Series,Zapewnia doskonały kontrast i ostrość wydruku w wysokonakładowych systemach laserowych. Kluczowe cechy: minimalne pylenie. Standard: Certyfikat FSC.,Office,Papier,szt.,9,4,1184.26,PLN
P-0125,Monitor Dell Professional Series,Uniwersalne rozwiązanie wspierające bieżące procesy operacyjne w przedsiębiorstwie. Kluczowe cechy: trwałość materiałowa. Standard: Zgodność z normami UE.,IT,Monitory,szt.,8,3,8600.72,PLN
P-0126,Oprogramowanie Dell Professional Series,Uniwersalne rozwiązanie wspierające bieżące procesy operacyjne w przedsiębiorstwie. Kluczowe cechy: wysoka jakość wykonania. Standard: Zgodność z normami UE.,IT,Oprogramowanie,szt.,14,8,3909.46,PLN
P-0127,Toners Brother Professional Series,Uniwersalne rozwiązanie wspierające bieżące procesy operacyjne w przedsiębiorstwie. Kluczowe cechy: trwałość materiałowa. Standard: Zgodność z normami UE.,Office,Toners,szt.,6,7,353.87,PLN
P-0128,Meble Nowy Styl Professional Series,Uniwersalne rozwiązanie wspierające bieżące procesy operacyjne w przedsiębiorstwie. Kluczowe cechy: ergonomiczny kształt. Standard: Zgodność z normami UE.,Office,Meble,szt.,12,3,368.53,PLN
P-0129,Toners Navigator Professional Series,Uniwersalne rozwiązanie wspierające bieżące procesy operacyjne w przedsiębiorstwie. Kluczowe cechy: wysoka jakość wykonania. Standard: Zgodność z normami UE.,Office,Toners,szt.,15,6,1096.55,PLN
P-0130,Laptop HP Latitude i5/16GB,Zoptymalizowany pod kątem wielozadaniowości i bezpiecznej pracy w środowisku korporacyjnym. Kluczowe cechy: moduł TPM 2.0. Standard: TCO Certified.,IT,Laptopy,szt.,9,2,6263.15,PLN
P-0131,Monitor Lenovo Professional Series,Uniwersalne rozwiązanie wspierające bieżące procesy operacyjne w przedsiębiorstwie. Kluczowe cechy: wysoka jakość wykonania. Standard: Zgodność z normami UE.,IT,Monitory,szt.,6,6,7692.41,PLN
P-0132,Silnik ABB 4kW DC,Przeznaczony do pracy ciągłej S1 w układach napędowych i wentylacyjnych. Kluczowe cechy: łożyska o wydłużonej żywotności. Standard: Certyfikat CE.,Production,Silniki,szt.,9,4,522.89,PLN
P-0133,Okulary ochronne 3M Professional Series,Uniwersalne rozwiązanie wspierające bieżące procesy operacyjne w przedsiębiorstwie. Kluczowe cechy: trwałość materiałowa. Standard: Zgodność z normami UE.,BHP,Okulary ochronne,szt.,15,3,245.67,PLN
P-0134,Toners Xerox Professional Series,Uniwersalne rozwiązanie wspierające bieżące procesy operacyjne w przedsiębiorstwie. Kluczowe cechy: ergonomiczny kształt. Standard: Zgodność z normami UE.,Office,Toners,szt.,8,2,1387.53,PLN
P-0135,Toners Xerox Professional Series,Uniwersalne rozwiązanie wspierające bieżące procesy operacyjne w przedsiębiorstwie. Kluczowe cechy: trwałość materiałowa. Standard: Zgodność z normami UE.,Office,Toners,szt.,9,5,377.96,PLN
P-0136,Rękawice Honeywell Professional Series,Uniwersalne rozwiązanie wspierające bieżące procesy operacyjne w przedsiębiorstwie. Kluczowe cechy: ergonomiczny kształt. Standard: Zgodność z normami UE.,BHP,Rękawice,szt.,10,8,490.32,PLN
P-0137,Artykuły biurowe Nowy Styl Professional Series,Uniwersalne rozwiązanie wspierające bieżące procesy operacyjne w przedsiębiorstwie. Kluczowe cechy: wysoka jakość wykonania. Standard: Zgodność z normami UE.,Office,Artykuły biurowe,szt.,13,8,810.29,PLN
P-0138,Kaski Uvex Professional Series,Uniwersalne rozwiązanie wspierające bieżące procesy operacyjne w przedsiębiorstwie. Kluczowe cechy: wysoka jakość wykonania. Standard: Zgodność z normami UE.,BHP,Kaski,szt.,12,8,585.47,PLN
P-0139,Artykuły biurowe Navigator Professional Series,Uniwersalne rozwiązanie wspierające bieżące procesy operacyjne w przedsiębiorstwie. Kluczowe cechy: trwałość materiałowa. Standard: Zgodność z normami UE.,Office,Artykuły biurowe,szt.,10,4,249.66,PLN
P-0140,Papier Brother Professional Series,Zapewnia doskonały kontrast i ostrość wydruku w wysokonakładowych systemach laserowych. Kluczowe cechy: bezkwasowy skład. Standard: ISO 9706.,Office,Papier,szt.,11,6,948.48,PLN
P-0141,Laptop Samsung ThinkPad i7/32GB,Zoptymalizowany pod kątem wielozadaniowości i bezpiecznej pracy w środowisku korporacyjnym. Kluczowe cechy: matryca IPS z powłoką antyrefleksyjną. Standard: MIL-STD 810H.,IT,Laptopy,szt.,9,5,6867.36,PLN
P-0142,Okulary ochronne Honeywell Professional Series,Uniwersalne rozwiązanie wspierające bieżące procesy operacyjne w przedsiębiorstwie. Kluczowe cechy: wysoka jakość wykonania. Standard: Zgodność z normami UE.,BHP,Okulary ochronne,szt.,8,4,1459.27,PLN
P-0143,Artykuły biurowe Brother Professional Series,Uniwersalne rozwiązanie wspierające bieżące procesy operacyjne w przedsiębiorstwie. Kluczowe cechy: ergonomiczny kształt. Standard: Zgodność z normami UE.,Office,Artykuły biurowe,szt.,10,4,96.49,PLN
P-0144,Oprogramowanie Dell Professional Series,Uniwersalne rozwiązanie wspierające bieżące procesy operacyjne w przedsiębiorstwie. Kluczowe cechy: ergonomiczny kształt. Standard: Zgodność z normami UE.,IT,Oprogramowanie,szt.,7,8,4721.76,PLN
P-0145,Odzież robocza Ansell Professional Series,Uniwersalne rozwiązanie wspierające bieżące procesy operacyjne w przedsiębiorstwie. Kluczowe cechy: trwałość materiałowa. Standard: Zgodność z normami UE.,BHP,Odzież robocza,szt.,14,5,485.96,PLN
P-0146,Okulary ochronne Ansell Professional Series,Uniwersalne rozwiązanie wspierające bieżące procesy operacyjne w przedsiębiorstwie. Kluczowe cechy: wysoka jakość wykonania. Standard: Zgodność z normami UE.,BHP,Okulary ochronne,szt.,7,7,631.26,PLN
P-0147,Okulary ochronne Ansell Professional Series,Uniwersalne rozwiązanie wspierające bieżące procesy operacyjne w przedsiębiorstwie. Kluczowe cechy: wysoka jakość wykonania. Standard: Zgodność z normami UE.,BHP,Okulary ochronne,szt.,5,5,1283.21,PLN
P-0148,Okulary ochronne Ansell Professional Series,Uniwersalne rozwiązanie wspierające bieżące procesy operacyjne w przedsiębiorstwie. Kluczowe cechy: ergonomiczny kształt. Standard: Zgodność z normami UE.,BHP,Okulary ochronne,szt.,6,7,779.55,PLN
P-0149,Łożyska Bosch Professional Series,Uniwersalne rozwiązanie wspierające bieżące procesy operacyjne w przedsiębiorstwie. Kluczowe cechy: wysoka jakość wykonania. Standard: Zgodność z normami UE.,Production,Łożyska,szt.,13,2,499.51,PLN
P-0150,Łożyska SKF Professional Series,Uniwersalne rozwiązanie wspierające bieżące procesy operacyjne w przedsiębiorstwie. Kluczowe cechy: ergonomiczny kształt. Standard: Zgodność z normami UE.,Production,Łożyska,szt.,8,3,320.09,PLN
